house_count,kfs,url,price,cj_count,name,location,year,coordinate,build_type,wy,build_count
2412户,恒大地产集团成都有限公司,http://hengdaxincheng028.fang.com/,10959,0套,恒大新城,凤翔大道1001号（政同通西路旁）,2016年建成,,塔楼,金碧物业有限公司成都分公司,17栋
7138户,成都万科华东置业有限公司,http://haiyuehuichengwk.fang.com/,18437,29套,万科海悦汇城东区,梓州大道3139号（极地海洋公园旁）,2014年建成,,塔楼,成都万科物业管理有限公司,26栋
1294户,成都森宇实业集团有限公司,http://yinyuehuayuanfh.fang.com/,12329,0套,府河音乐花园,新希望大道123号,2001年建成,,板楼,小区物业,73栋
2914户,成都双流和骏置业有限公司,http://konggangguojicheng028.fang.com/,11684,1套,空港国际城,双流县大件路白家段280号,2013年建成,,板塔结合,成都嘉宝物业管理公司,6栋
1275户,四川虹瑶房地产开发有限公司,http://kangqiaopinshang.fang.com/,13505,30套,康桥品上,锦华路一段59号,2009年建成,,板楼,成都市物业管理协会,5栋
9户,"成都三佳房地产有限公司 , 四川国坤投资有限公司",http://jueyuebandao.fang.com/,15183,0套,蓝山国际爵悦半岛,南延线簏山大道旁边,2011年建成,,"联排,双拼",岷山酒店管理公司,2栋
1942户,嘉里置业（成都）有限公司,http://yasongjudc.fang.com/,23141,231套,雅颂居一期,荣华北路299号,2012年建成,,板楼,嘉里建设管理（上海）有限公司成都分公司,8栋
4625户,成都东骏房地产开发有限公司,http://hujingwandj.fang.com/esf/,13293,25套,东骏湖景湾,马超东路555号（川音旁）,2015-01-30,,"板楼,塔楼",成都湖景湾物业有限公司,66栋
518户,四川招港置业有限公司,http://qinglongxiaoqu028.fang.com/,9317,4套,青龙小区,云龙路100号,2000年建成,,板楼,小区物业,12栋
4863户,成都郫县蓝光和骏置业有限公司,http://xingfumantinglg.fang.com/,15569,4套,蓝光幸福满庭,城西犀浦地铁口（成灌路与犀安路交汇处）,2014年建成,,板塔结合,成都嘉宝管理顾问有限公司,17栋
950户,四川华强房地产开发有限公司,http://konggangshouzuo.fang.com/,12804,43套,空港首座,西航港四圣店（西南民族大学旁）,2013年建成,,板塔结合,成都盛景物业管理有限公司,7栋
2704户,四川华夏军安建设有限公司.,http://junanweishihuayuan.fang.com/,15626,119套,军安卫士花园,中和二街66号,2013年建成,,板楼,华夏物业,10栋
93户,成都万华房地产开发有限公司,http://xiangxidi.fang.com/,27116,1套,麓山国际香溪堤,麓山大道二段6号,2008年建成,,独栋,成都麓山物业管理有限公司,93栋
2470户,成都建信奥林匹克投资置业有限公司,http://aolinpikehuayuanjx.fang.com/,10713,51套,建信奥林匹克花园,光华大道三段336号,2006年建成,,板楼,成都建信奥林匹克物业管理公司,35栋
2806户,双流邦泰置业有限公司,http://huafugongguanbt.fang.com/,12705,1套,邦泰华府公馆,天府新区双华路五段(四川现代职业技术学院对面),2016年建成,,板楼,邦泰物业服务有限公司,12栋
2820户,成都兴光华城市建设有限公司,http://guanghuabilin.fang.com/,20178,6套,光华碧邻,光华西二路126号,2013年建成,,板塔结合,四川诚亿物业管理有限公司,10栋
4122户,成都招商北城房地产有限公司,http://yonghuafuzs.fang.com/,19702,79套,招商雍华府,双荆路6号,2012年建成,,塔楼,招商局物业管理有限公司,22栋
1248户,成都蜀都银泰置业有限公司,http://shuduzhongxin.fang.com/,16356,5套,蜀都中心一期,德赛一街138号（天府大道新会展对面）,2014年建成,,板楼,第一太平戴维斯,3栋
576户,中海兴业（成都）发展有限公司,http://zhgjsqbl.fang.com/,17845,28套,中海国际社区碧林,汇川街599号,2008年建成,,板楼,成都中海物业管理有限公司,17栋
168户,永立集团通瑞地产,http://yonglilongdi.fang.com/esf/,14198,0套,永立龙邸,二环路与府青路交汇处（原512建材市场旁）,2016-12-31,,塔楼,四川通瑞投资有限责任公司,2栋
3720户,郫县三利投资有限公司,http://guojichenghqgj.fang.com/,9948,29套,华侨凤凰国际城,望丛西路299号,2015年建成,,"板楼,塔楼",浩佳物业公司,15栋
3348户,四川华宇业昊房地产开发有限公司,http://tianfuhuachenghy.fang.com/,11136,38套,华宇天府花城,郫筒镇南北大道侧,2014年建成,,板塔结合,重庆华宇物业服务有限公司成都分公司,14栋
2846户,成都森宇实业集团有限公司,http://hanlinshangdao.fang.com/,14252,235套,翰林上岛,临港路三段8号（紧邻西南民族大学新校区）,2008年建成,,板楼,森宇物业,9栋
2248户,成都国奥置业有限公司,http://chengduguoaocun.fang.com/,14244,25套,成都国奥村,双楠大道航都大街99号（白衣上街）,2014年建成,,板楼,重庆国奥村物业服务有限公司成都分公司,28栋
2102户,四川南欣房地产开发有限公司,http://bihualiguojicheng.fang.com/,19744,120套,比华利国际城一期,锦江区佳宏路220号,2011年建成,,塔楼,佳宏物业,15栋
1922户,中海信和（成都）物业发展有限公司,http://zhgjsqcj.fang.com/2/,17953,87套,中海国际社区橙郡二期,蓝岸街59号,2007年建成,,塔楼,中海物业管理公司,5栋
1034户,圣沅房产,http://chengduhouhuayuan.fang.com/,14674,38套,成都后花园二期,国宁东路991号,2005年建成,,板塔结合,成都圣沅物业,12栋
1584户,成都荣盛伟业房地产开发有限公司,http://xiangxielantingrs.fang.com/,18453,10套,荣盛香榭兰庭,东2.5环锦绣大道,2015年建成,,塔楼,廊坊荣盛物业服务有限公司,7栋
570户,成都市青南房地产开发有限公司,http://qingnanmeiwan.fang.com/,16863,17套,青南美湾,海昌北路（极地海洋公园附近）,2015年建成,,塔楼,成都双流华兴住宅物业发展有限公司,5栋
2232户,成都市瑞泰华实业有限公司,http://shihaojiabai.fang.com/,10055,60套,世豪嘉柏,武科东二路460号,2014年建成,,塔楼,瑞泰华物业,8栋
1519户,成都荣盛房地产开发有限公司,http://huayuchengrs.fang.com/,22849,50套,荣盛花语城,青羊区光华东一路75号,2014年建成,,塔楼,荣盛物业,5栋
7735户,四川中房鸿都汇友置业有限公司,http://yiheyaju.fang.com/,16686,65套,颐和雅居,晋阳路218号,2006年建成,,塔楼,中房物业管理,3栋
2499户,成都双流富豪实业有限公司,http://guojichenglg.fang.com/,17519,43套,领馆国际城,红星路南延线与领馆大道交汇处（第三大领事馆区旁）,2014年建成,,板塔结合,成都双流百信物业管理有限责任公司,11栋
87户,成都万华房地产开发有限公司,http://yuelinhu.fang.com/,44778,0套,麓山国际悦林湖,麓山大道二段6号,2010年建成,,独栋,成都麓山物业管理有限公司,86栋
3286户,滕王阁地产,http://ludaoguojishequ028.fang.com/3/,23373,96套,鹭岛国际三期,鹭岛路36号,2009年建成,,板楼,成都腾王阁物业管理有限公司,7栋
1462户,成都佳兆业投资有限公司,http://weidengjunjzy.fang.com/,14603,22套,佳兆业威登郡,双流县航港路1313号,2013年建成,,塔楼,成都佳兆业物业管理公司,24栋
1296户,成都市华东房地产开发有限公司,http://xixianyangguang.fang.com/,15132,10套,西线阳光,黄金路9号,2007年建成,,板楼,成都家园物业管理公司,7栋
546户,成都市景发投资有限公司,http://jingmaomingdu.fang.com/3/,12139,0套,景茂名都三期,东升街道迎春桥社区（航都大道和商都路交汇）,2015年建成,,塔楼,景灿物业公司,4栋
1723户,成都俊发房地产开发有限责任公司,http://shiguangjunyuan.fang.com/,22006,73套,时光俊园,青羊区光华西三路30号,2013年建成,,"塔楼,板塔结合",俊发物业,8栋
486户,四川星慧投资,http://shujunbieshu.fang.com/,17585,0套,蜀郡别墅,华府大道518号,2012年建成,,"联排,叠拼",中铁瑞城物业,57栋
5008户,成都世茂置业有限公司,http://shimaocheng.fang.com/4/,15257,25套,世茂城四期,天鹅西湖南路6号,2015年建成,,塔楼,世茂物业,17栋
1385户,华润置地（成都）有限公司,http://feicuichenghr.fang.com/,30547,53套,翡翠城,华润路1号（东湖国际旁边）,2012年建成,,塔楼,华润置地物业,17栋
3337户,保利华阳投资有限公司,http://baoliyeyu028.fang.com/,17221,22套,保利叶语,华府大道三段（双华路与华府大道交汇处）,2016年建成,,塔楼,保利物业,29栋
832户,成都润成投资有限公司,http://tianfumeian.fang.com/,17398,3套,天府美岸,南湖风景区南岸河滨路中段(二江寺水文化主题游园旁),2015年建成,,板塔结合,长城物业集团股份有限公司,5栋
1530户,保利地产,http://baihehuayuanbl028.fang.com/,29543,69套,保利百合花园,高新区富华北路（成都七中旁）,2014年建成,,板塔结合,保利物业,8栋
240户,成都新业置业有限公司,http://059596.fang.com/,9861,0套,蓝泊湾,牧马山（长桥郡旁）,2013年建成,,联排,四川瑞信物业有限公司,40栋
2628户,成都市三和房地产开发有限责任公司,http://binghehuayuanhy.fang.com/,13725,163套,华阳滨河花园,华阳伏龙路二段117号,2005年建成,,板楼,成都三和锦阳物业有限公司,56栋
20户,龙湖地产,http://xiaoyuanqingchenglh.fang.com/esf/,18875,0套,龙湖小院青城,青城山大三路2号,2012-01-01,,"独栋,叠拼",成都龙湖物业服务有限公司,5栋
282户,成都郫县蓝光和骏置业有限公司,http://gongyuanyuefulg.fang.com/,14726,0套,蓝光公园悦府,区金牛大道金泉路,2017年建成,,"板楼,塔楼",蓝光嘉宝物业服务公司,4栋
1606户,成都万华房地产开发有限公司,http://yunxitails.fang.com/,18809,45套,麓山国际社区云曦台,人民南路南延线麓山大道二段六号（麓山1号内）,2015年建成,,板楼,成都麓山物业管理有限公司,7栋
1446户,成都万科置业有限公司,http://meilizhichengwk028.fang.com/3/,21282,71套,万科魅力之城三期,万科南街2号,2008年建成,,板塔结合,成都万科物业服务有限公司,35栋
564户,成都天府置信实业有限公司,http://luhugong.fang.com/,14561,3套,鹭湖宫别墅,温江区春江南路88号,2011年建成,,"独栋,双拼,叠拼",成都和达物业服务有限责任公司（置信和达）,88栋
5286户,成都西玺置业有限公司,http://fulaiminggelh028.fang.com/,15489,192套,龙湖弗莱明戈一期,高专路1号（郫县新政府对面）,2012年建成,,"板楼,塔楼",成都龙湖物业服务有限公司,24栋
3480户,成都双流富豪实业有限责任公司,http://konggangshiliuqu.fang.com/,13759,139套,空港十六区,机场路近都段16号,2010年建成,,板塔结合,百信物业,23栋
1024户,成都国贸房地产开发公司,http://jindouhuayuan.fang.com/,15532,73套,金都花园,蜀汉中路526号,2003年建成,,板楼,成都国贸物业管理有限公司,18栋
1369户,蛟龙投资发展有限公司,http://jiaolongyinzuo2.fang.com/,10099,13套,蛟龙银座一期,蛟龙工业港乌江路352号,2008年建成,,塔楼,成都智胜物业,6栋
314户,成都瀚翔置业有限公司,http://hanchengguoji028.fang.com/esf/,9125,0套,瀚城国际,凤凰西6路28号（幸福家园对面）,2012-12-01,,板塔结合,深圳花样年彩生活,4栋
6924户,四川华宇房地产开发有限公司,http://baolicheng.fang.com/esf/,13797,117套,保利城四期中央郡,北新大道东（大天路旁）,2015-06-01,,塔楼,保利物业有限公司成都分公司,34栋
1016户,成都招商博时房地产开发有限公司,http://zhongyanghuachengzs.fang.com/esf/,11481,0套,招商中央华城,建设南路（成华大道与中环路交汇处）,2017-12-01,,板塔结合,成都招商物业有限公司,4栋
129户,成都万华房地产开发有限公司,http://shengbabalalsgj.fang.com/,18009,6套,麓山国际圣芭芭拉,人民南路南延线麓山大道二段6号,2010年建成,,叠拼,成都麓山物业管理有限公司,62栋
2616户,中海兴业（成都）发展有限公司,http://cuipingwanzh.fang.com/,22747,283套,中海翠屏湾,泰和二街333号,2011年建成,,板楼,成都中海物业管理有限公司,12栋
518户,四川华乘万青置地发展有限公司,http://yinglizhuangyuan028.fang.com/,10797,11套,英郦庄园,郫温路国色天乡旁,2012年建成,,板塔结合,成都和达物业服务有限责任公司（置信和达）,10栋
2760户,成都中铁置业有限公司,http://gelasizt.fang.com/,11388,169套,西郡英华二期,港通北一路333号,2013年建成,,板塔结合,中铁瑞城物业管理公司,9栋
820户,成都万华房地产开发有限公司,http://pasadinalsgjlz.fang.com/,19707,10套,麓山国际麓镇帕萨迪纳,人民南路南延线麓山大道二段6号,2009年建成,,板楼,成都麓山物业管理有限公司,11栋
1285户,成都森宇实业集团有限公司,http://meiyinhegusy.fang.com/,13082,99套,森宇美茵河谷,同兴东路398号,2007年建成,,塔楼,森宇物业,14栋
2254户,成都市国嘉志得置业有限公司,http://guanghuayijia.fang.com/,23809,124套,光华逸家,青羊区光华东三路401号,2014年建成,,板楼,成都国嘉物业管理有限公司,14栋
1240户,成都万厦置业有限公司,http://xihuating028.fang.com/,13007,51套,西花汀,天宝西街299号,2007年建成,,板楼,成都和盟物业管理有限公司,14栋
4704户,"
										,
										,
									",http://shuiandongli.fang.com/,13267,9套,水岸东里,跳蹬河南街5号,2000年建成,,板楼,成都钱江银通物业管理有限公司,22栋
260户,成都格兰西亚置业有限公司,http://huashangjinrongzhongxin.fang.com/esf/,29227,0套,中国华商金融中心,金融城交子大道,2016-12-31,,塔楼,高力国际物业顾问有限公司,2栋
106户,成都万华房地产开发有限公司,http://changdao.fang.com/,32577,1套,麓山国际长岛,麓山大道二段6号,2012年建成,,独栋,成都麓山物业管理有限公司,106栋
1944户,中铁房地产集团四川有限公司,http://qingxiuchengzt.fang.com/,12205,105套,中国铁建青秀城,致顺路555号,2012年建成,,板塔结合,力宝物业有限公司,13栋
51户,成都万华房地产开发有限公司,http://lushanguojixiangshupo.fang.com/,35307,0套,麓山国际橡树坡,南延线天府大道末端麓山大道,2007年建成,,联排,成都麓山物业管理有限公司,51栋
1224户,成都常青藤置业有限公司,http://jinhuicheng028.fang.com/esf/,7772,0套,锦汇城,公平街办科锦路355号（公平镇和万春镇交汇处）,2017-06-01,,塔楼,成都宜居资产管理有限公司,6栋
644户,成都佳成时代投资有限公司,http://jianianhuaguangchang.fang.com/,13073,0套,佳年华广场,成华区峨眉山路369号,2016年建成,,塔楼,四川通用物业管理有限责任公司,2栋
775户,成都合创锦城实业有限公司,http://jinchengnanfu.fang.com/,17071,2套,锦城南府,剑南大道中段中央公园旁（伊藤洋华堂高新店旁）,2015年建成,,"板楼,塔楼",成都明远物业发展有限公司,4栋
2772户,成都市鼎诚达房地产开发有限公司,http://jiazhaoye8hao.fang.com/,14059,62套,佳兆业8号,航都大街（白衣上街与航都大街交汇处400米处）,2014年建成,,塔楼,成都佳兆业物业管理有限公司,8栋
1104户,华润置地(成都)发展有限公司,http://feicuicheng.fang.com/2/,29312,48套,翡翠城二期,华润路2号（临翡翠城商业街）,2005年建成,,板楼,华润物业管理公司,20栋
970户,成都华人房地产开发有限责任公司,http://meizhouhuayuan.fang.com/3/,14897,20套,美洲花园加州阳光,南三环五段188号,2006年建成,,板楼,成都美洲花园管理有限公司,5栋
3004户,成都金隅大成房地产开发有限公司,http://dachengjun028.fang.com/,15468,45套,大成郡,大件路120号（西南民族大学旁）,2015年建成,,塔楼,大成金隅,13栋
1116户,成都天府华侨城实业发展有限公司,http://chunshuiancdhqc.fang.com/,24997,47套,华侨城纯水岸一期,华丰路219号,2013年建成,,塔楼,华侨城物业管理有限公司,16栋
3780户,成都珠江润景房地产开发有限公司,http://yujingwanzj028.fang.com/,17056,106套,珠江御景湾,光华大道三段1818号,2015年建成,,板楼,康景物业,32栋
2754户,万怡置业,http://hongshuwan028.fang.com/esf/,18178,68套,红树湾,中和大道69号（三利宅院对面）,2012-12-30,,塔楼,建业物业,12栋
1364户,成都华瑞房地产开发有限公司,http://huayuguangchang028.fang.com/,12368,0套,华宇广场,东二环外东大路与静康路交汇处,2017年建成,,塔楼,重庆华宇物业管理有限公司成都分公司,5栋
4604户,蓝光集团,http://fulihuacheng.fang.com/,16043,312套,富丽花城,荆翠中路88号,2009年建成,,塔楼,蓝光嘉宝物业管理有限公司,15栋
1089户,四川贵通建设集团有限公司,http://yuyuanshuangnanchenggt.fang.com/esf/,12399,2套,贵通御苑雙楠城,双楠大道与白衣上街交界处（蛟龙紫荆电影院对面）,2015-06-01,,板塔结合,成都丽盛物业管理有限公司,8栋
6204户,成都置信实业（集团）有限公司,http://yiduhuayuanpxzx.fang.com/,10327,209套,郫县置信逸都花园,南北大道168号（蜀新大道屈家院子旁）,2014年建成,,板塔结合,成都合达物业管理有限责任公司,14栋
122户,成都万华房地产开发有限公司,http://lushanguojiyuanshitan.fang.com/,24170,0套,麓山国际圆石滩,麓山大道二段6号,2005年建成,,独栋,成都麓山物业管理有限公司,122栋
17户,成都万华新城发展股份有限公司,http://lanhuayulhstc.fang.com/,28919,0套,麓湖生态城蓝花屿,天府大道南一段麓湖生态城,2013年建成,,独栋,成都麓山物业管理有限公司,16栋
484户,成都森宇实业集团有限公司,http://weiyenasenlin028.fang.com/villa/,11549,1套,维也纳森林别墅,牧马山四川国际高尔夫俱乐部旁,2004年建成,,独栋,成都市森宇物业有限责任公司,484栋
17户,四川南山实业有限公司,http://shandingshang.fang.com/esf/,12226,2套,山顶上,文星镇光电路（川大新校区旁）,2011-03-01,,联排,高力国际（顾问）,3栋
3352户,龙湖地产,http://longhushiji.fang.com/,20886,156套,龙湖世纪峰景,世纪城路418号,2017年建成,,板楼,成都龙湖物业服务有限公司,10栋
2912户,成都国奥置业有限公司,http://chengduguoyuncun.fang.com/esf/,13667,10套,成都国韵村,东升镇航都大街三段78号（迎龙花园旁）,2014-12-01,,板楼,成都国奥置业有限公司,19栋
1060户,成都奥克斯财富广场投资有限公司,http://guangchangaks.fang.com/,21740,58套,奥克斯广场,武侯区锦城大道666号,2013年建成,,塔楼,成都奥克斯物业管理有限公司,8栋
4105户,四川华银达实业有限公司,http://huayinmeijing.fang.com/,14935,117套,华银美景,锦江路四段188号,2011年建成,,板塔结合,双流县现代物业管理有限公司,18栋
456户,成都万华房地产开发有限公司,http://saierweimenglsgj.fang.com/,21075,13套,麓山国际塞尔维蒙,麓山大道二段6号,2008年建成,,板楼,成都麓山物业管理有限公司,24栋
1452户,成都远大蜀阳房地产开发有限责任公司,http://changdaoguojiyd.fang.com/esf/,16518,0套,远大中央公园,天府大道南段西侧（南湖梦幻岛旁）,2016-06-01,,板塔结合,远大创新物业有限公司,10栋
1721户,四川佳兆港投资有限公司,http://shidaijingzuolt.fang.com/,16454,6套,佳年华时代晶座,剑南大道中段1533号,2015年建成,,塔楼,四川通用物业有限公司,9栋
2442户,成都瑞华置业有限公司,http://wengehuananyuan.fang.com/,13951,65套,温哥华南苑,西航港街道办事处常乐二段133号,2013年建成,,板楼,长城物业管理公司,8栋
874户,成都远大蜀阳房地产开发有限责任公司,http://linyuchengyd2.fang.com/,14600,14套,远大林语城,双楠大道中段（时代奥特莱斯旁）,2015年建成,,板楼,远大创新物业有限公司,17栋
1856户,成都天基房地产开发公司,http://xiangshulinrs.fang.com/,17060,13套,瑞升橡树林华府,牧华路2533号（牧华路与锦江交汇处）,2014年建成,,板塔结合,瑞德物业有限公司,8栋
140户,成都万华房地产开发有限公司,http://lushanguojibiyingxi.fang.com/,34217,0套,麓山国际碧影溪,人民南路南延线麓山大道一段6号,2005年建成,,独栋,成都麓山物业管理有限公司,70栋
3374户,成都洲际置业有限公司,http://zhoujiyinhaiwan.fang.com/,13849,37套,洲际银海湾,光华大道三段（成都七中旁江安河畔）,2016年建成,,板塔结合,香港英联华物业管理公司,17栋
3590户,四川省水电集团金娇地产,http://xibanyasenlin.fang.com/,12570,85套,西班牙森林,一期凤凰北大街788号，二期凤凰北大街888号附5号,2014年建成,,板塔结合,开开物业服务有限公司,41栋
4058户,四川国坤投资有限公司,http://luosenbaoyingshan.fang.com/,15319,3套,洛森堡映山,麓山大道630号,2014年建成,,塔楼,成都佳祥物业管理有限公司,16栋
7017户,成都洲际置业有限公司,http://yazhouwanzj.fang.com/,13525,35套,洲际亚洲湾,成都光华大道三段江安河畔,2017年建成,,塔楼,香港英联华物业管理公司,29栋
2009户,成都市盈庭置业有限公司,http://yueyingchangtan.fang.com/esf/,9598,0套,月映长滩,金马镇太极大道666号（金泉市场旁）,2011-05-01,,"联排,叠拼",成都中铁瑞城物业管理有限公司温江分公司,102栋
4503户,成都首创驿都置业有限公司,http://wanjuanshansc.fang.com/esf/,14721,121套,首创万卷山,青台山路99号（川师成龙校区旁）,2013-05-01,,板塔结合,北京首万物业服务有限公司成都分公司,23栋
2591户,四川鑫龙实业发展有限公司,http://jingmaomingdu.fang.com/,14390,42套,景茂名都一期,双楠大道白衣上街21号（中心公园旁）,2012年建成,,塔楼,景灿物业管理有限公司,15栋
162户,成都泰博置业有限公司,http://lixiangchengtb.fang.com/esf/,11588,0套,泰博理想城,东中环二仙桥北一路（二仙桥北一路尽头）,2017-06-01,,塔楼,成都蜀府泰博物业服务有限公司,1栋
770户,成都润富置业有限公司,http://guojihuayuanrf.fang.com/,19480,1套,润富国际花园,交子大道998号（中海国际对面）,2016年建成,,板楼,绿城物业服务集团,6栋
55684户,上海绿地集团成都公司,http://xinlipaikegongguan.fang.com/,14818,664套,新里派克公馆,金粮路566号,2011年建成,,塔楼,鸿山物业,34栋
6户,成都海航基础投资有限公司,http://xiangsonghu028.fang.com/esf/,13410,0套,海航中国集锦润青城,青城山翠月湖镇香颂湖畔,2011-10-01,,"独栋,联排",北京亿城物业管理有限公司,1栋
1732户,成都大明宏信置业有限责任公司,http://chengduwanjia.fang.com/,19260,7套,成都玩家,天府大道与麓山大道交汇处（极地海洋公园旁）,2016年建成,,塔楼,和盟物业,5栋
540户,成都中强实业有限公司,http://xinghuiguangchangzq.fang.com/esf/,23106,0套,星汇广场,东御街88号（天府广场东南侧）,2015-12-01,,塔楼,成都市豪园物业管理有限公司,1栋
4391户,四川嘉元置业有限公司,http://xiangxieguoji.fang.com/,14970,156套,香榭国际,中和大道三段99号(中和街道办旁边),2012年建成,,板塔结合,四川嘉晋物业管理有限公司,9栋
258户,成都锦绣岷江城市建设开发有限公司,http://ytldshjsd028.fang.com/,14230,0套,亚特兰蒂斯黄金时代,牧马山南梨花溪畔,2012年建成,,"联排,独栋",成都波塞冬物业管理有限公司,68栋
10812户,成都森宇实业集团有限公司,http://guojishequnh.fang.com/,15565,182套,南湖国际社区二期,双流南湖西路175号,2012年建成,,塔楼,森宇物业,41栋
2375户,四川星慧投资,http://shujun.fang.com/,18833,186套,蜀郡一期,华府大道一段518号,2010年建成,,塔楼,中铁瑞城物业,33栋
96户,中海振兴（成都）物业发展有限公司,http://chengnanguandizh.fang.com/,48337,4套,中海城南官邸,交子大道119号,2012年建成,,联排,成都中海物业管理有限公司,17栋
10465户,成都双流和骏置业有限公司,http://shengfeidiemanji.fang.com/,15504,390套,蓝光圣菲TOWN城,黄河中路36号,2009年建成,,塔楼,蓝光嘉宝管理顾问有限公司,20栋
515户,成都众怡房地产开发有限公司,http://chengnanyijia.fang.com/esf/,16953,9套,融创长滩壹号,文星镇川大路2段一号 （新川大南门）,2012-06-01,,"独栋,联排,叠拼",四川国嘉物业管理有限公司,103栋
20879户,成都晨明置业有限公司,http://hengdadijingcd.fang.com/,6466,56套,恒大帝景,双柏路6号,2016年建成,,塔楼,金碧物业,25栋
2324户,恒大新北城置业有限公司,http://caojiaxiangguangchanghd.fang.com/,18903,0套,恒大曹家巷广场,一环内马鞍东路与府青路交汇处（中国银行对面）,2017年建成,,塔楼,金碧物业有限公司成都分公司,6栋
9080户,成都东立置业有限公司,http://guojihuachengdl.fang.com/,12651,123套,东立国际花城,航都大街60号,2015年建成,,塔楼,成都亿新物业管理有限公司,33栋
4963户,成都信蓉投资有限公司,http://zhongxincheng028.fang.com/esf/,16501,4套,中海右岸,南湖西侧（剑南大道旁边）,2016-05-01,,板楼,中信物业,21栋
5705户,成都信凯实业有限公司,http://kaidefengshang.fang.com/,22291,347套,凯德风尚,苏坡中路8号,2012年建成,,板楼,成都和达物业服务有限责任公司（置信和达）,26栋
4400户,成都忠捷置业有限公司（新鸿基地产集团成员）,http://yuechengxhj.fang.com/esf/,16815,138套,新鸿基悦城,天府大道南延线侧（极地海洋公园旁）,2017-01-01,,板塔结合,启胜管理服务有限公司,17栋
565户,成都中海投资置业有限公司,http://feilishanss.fang.com/,9215,0套,三盛翡俪山,双流牧马山燕杨路,2015年建成,,"联排,独栋",伯恩物业公司,98栋
4626户,恒大地产集团成都有限公司,http://jinbitianxiahd0282.fang.com/esf/,8299,0套,恒大金碧天下,剑南大道南沿线牧马镇莲花村（牧马后山）,2009-12-01,,板塔结合,金碧物业有限公司成都分公司,44栋
154户,"中国电建地产成都分公司 , 武汉南国置业股份有限公司",http://fanyuechengshiguangchang.fang.com/esf/,11014,0套,泛悦城市广场,2.5环昭觉寺南路（昭觉寺横路段）,2017-12-30,,板塔结合,中国电建地产成都分公司,1栋
4810户,成都志达房产开发有限公司,http://longchengyihao.fang.com/,17990,249套,龙城一号,龙城大道1号,2013年建成,,"板楼,塔楼",成都安达祥和置业有限公司,68栋
1732户,成都金科房地产开发有限公司,http://jinkelangqiaoshuixiang.fang.com/,9923,0套,金科廊桥水乡别墅,花源大道1888号,2012年建成,,"联排,独栋,叠拼",重庆金科物业管理有限公司成都分公司,200栋
523户,成都龙湖锦城置业有限公司,http://033926.fang.com/,8798,0套,龙湖悠山郡一期,花源镇丽景路428号,2014年建成,,"联排,独栋",成都龙湖物业服务有限公司,190栋
107户,四川川投置信丽景置业有限公司,http://294904.fang.com/,12705,1套,置信牧山丽景,花源镇牧马山丽景路3号,2013年建成,,独栋,成都和达物业服务有限责任公司（置信和达）,106栋
1677户,龙湖地产,http://changqiaojunlh.fang.com/,10424,0套,龙湖长桥郡,白云大道419号,2011年建成,,独栋,成都龙湖物业服务有限公司,562栋
16255户,成都龙湖锦鸿置业有限公司,http://shidaitianjielh028.fang.com/,9776,34套,龙湖时代天街,合作路89号（电子科技大学清水河校区西门对面）,2015年建成,,板塔结合,重庆新龙湖物业有限公司,31栋
2874户,成都万华房地产开发有限公司,http://yintelaken.fang.com/,18052,76套,麓山国际社区茵特拉肯,麓山大道二段6号,2015年建成,,塔楼,成都麓山物业管理有限公司,19栋
572户,成都万华房地产开发有限公司,http://lushanguojishengandelu.fang.com/,22387,3套,麓山国际圣安德鲁,麓山大道二段6号,2014年建成,,独栋,成都麓山物业管理有限公司,143栋
2075户,四川亿兴置业发展有限公司,http://shangshanqi.fang.com/zhuzhai/,10486,0套,上善栖,大三路212号,2009年建成,,板楼,成都亿兴物业管理有限责任公司,54栋
216户,成都市南极房地产开发有限公司,http://shenxianshu3hao.fang.com/,14712,0套,神仙树3号院,神仙树西路3号（二环路创业路口永丰立交桥旁）,2011年建成,,塔楼,威斯顿物业管理（香港）有限公司,2栋
8249户,中铁地产（成都）开发有限公司,http://guokelidecheng.fang.com/,14790,399套,果壳里的城,龙泉驿区北泉路1188号,2014年建成,,塔楼,艾明物业管理有限公司,16栋
6276户,成都万达商业广场有限公司,http://jinhuachengwd.fang.com/,17082,93套,万达锦华城,二环东五段29号,2008年建成,,塔楼,万达物业,5栋
404户,"
										,
									",http://zhaiyuanfudisl.fang.com/,17080,4套,三利宅院福邸,高新区中和大道一段98号,2010年建成,,"联排,独栋",四川三利房地产有限公司,12栋
1722户,四川润扬房地产开发有限公司,http://shuangheludaory.fang.com/,11897,136套,润扬双河鹭岛,新都区毗河东路99号（万科双水岸对面）,2011年建成,,板楼,成都孺牛物业管理有限公司,35栋
7682户,恒大地产集团成都有限公司,http://hengdacheng028.fang.com/,13184,479套,恒大城,凤溪大道南段555号,2008年建成,,板塔结合,广州金碧物业成都有限公司,76栋
1263户,成都上实置地有限公司,http://jinxiusenlin028.fang.com/,12791,0套,锦绣森邻,温泉大道一段1399号,2008年建成,,塔楼,成都华新锦绣花园物业管理公司,61栋
540户,成都瑞兴合能房地产开发有限公司,http://chengzhongxin.fang.com/,11819,0套,合能橙中心,犀浦天河路（地铁2号线天河路站D出口）,2016年建成,,板楼,合能物业,3栋
5208户,成都宏达置成房地产开发有限公司,http://shijijinchenghd.fang.com/,18276,136套,宏达世纪锦城,华阳海昌路68号,2012年建成,,板塔结合,四川宏达世纪物业服务有限公司,9栋
3484户,中国铁建地产集团公司,http://guojichengzgtj028.fang.com/,14169,221套,中国铁建国际城,龙泉驿区驿都西路3777号,2014年建成,,塔楼,中铁建（成都）物业管理有限公司,13栋
129户,成都万华新城发展股份有限公司,http://lanyuxianlhstc.fang.com/,27062,0套,麓湖生态城澜语溪岸,双流麓山大道二段6号,2015年建成,,板塔结合,成都麓山物业有限公司,3栋
1626户,成都俊发兴业房地产开发有限责任公司,http://xingyajunyuanjf.fang.com/,11887,4套,俊发星雅俊园,三环外成龙大道与银杏大道交汇处（三圣乡旁）,2015年建成,,塔楼,俊发物业,9栋
6809户,成都百城投资公司,http://baiyuecheng.fang.com/esf/,14546,13套,百悦城,成龙大道中段（希尔顿酒店旁）,2015-12-01,,板塔结合,赛特物业,32栋
473户,成都万科置业有限公司,http://wankemeilizhicheng028.fang.com/,20399,27套,万科魅力之城一期,万科北路2号,2011年建成,,塔楼,成都万科物业管理有限公司,15栋
3081户,成都赛博特置业投资发展有限公司,http://hexinkongquecheng.fang.com/esf/,11363,10套,和信孔雀天成,南江路666号（凤溪大道与南熏大道交汇处）,2015-12-01,,塔楼,和顺物业,14栋
1418户,"
										,
									",http://caidieyuan1aqi.fang.com/,15317,81套,彩叠园1A期,鹏程路1088号,2013年建成,,塔楼,家利物业,86栋
10660户,成都蜀都华润置地有限公司,http://xiangshuwanhr028.fang.com/,15301,565套,华润橡树湾,西区大道1398号,2013年建成,,板塔结合,成都华润置地物业管理有限公司,33栋
2400户,成都鸿悦置业有限公司,http://zhonglianghongyun028.fang.com/,28635,3套,中粮鸿云,二环路以东，双桂路以南，汇泉北路以西，通汇街以北,2017年建成,,塔楼,中粮地产集团深圳物业管理成都分公司,10栋
623户,成都阳明房地产有限责任公司,http://weilankadiya.fang.com/,21688,2套,蔚蓝卡地亚,天府大道南段2599号,2011年建成,,"联排,独栋,叠拼",高力国际物业管理有限公司,236栋
476户,成都和佳置业有限公司,http://nanogongguanrc.fang.com/,15230,0套,融创Nano公馆,融创Nano公馆位于益州大道南段东侧,2016年建成,,塔楼,重庆融创物业管理有限公司成都分公司,1栋
1334户,华润置地（成都）有限公司,http://feicuicheng.fang.com/3/,29257,52套,翡翠城三期,琉璃路718号,2008年建成,,板塔结合,成都华润置地物业管理有限公司,18栋
231户,联盟新城置业（成都）有限公司,http://yichengmms.fang.com/,11085,0套,牧马山易城,牧山路二段12号,2006年建成,,独栋,成都交大智能物业管理有限公司,231栋
435户,四川西部空间地理信息产业投资发展有限公司,http://qixingchengbd.fang.com/,7007,0套,北斗七星城,天龙大道1333号（中铁产业园对面）,2016年建成,,板塔结合,成都市利丰物业,1栋
2006户,中海信和（成都）物业发展有限公司,http://zhgjsqcj.fang.com/,18149,93套,中海国际社区橙郡一期,蓝岸街98号,2007年建成,,塔楼,中海物业,10栋
888户,四川雅居乐房地产开发有限公司,http://boyayuan028.fang.com/esf/,13708,0套,成都雅居乐富春山居,麓山大道二段19号,2014-11-01,,板塔结合,雅居乐雅生活服务股份有限公司成都分公司,19栋
1444户,四川川投国际网球中心开发有限责任公司,http://guojihuayuancw.fang.com/,13271,0套,川网国际花园,白衣上街与双楠大道交叉口（城南优品道旁边）,2015年建成,,板塔结合,四川佳友物业有限公司,21栋
611户,成都万华房地产开发有限公司,http://lapeiweierlsgj.fang.com/,22773,16套,麓山国际拉佩维尔,麓山大道二段6号,2006年建成,,板楼,成都麓山物业管理有限公司,68栋
3570户,北京城建成都地产有限公司,http://longyuewanbjcj.fang.com/esf/,13088,48套,北京城建龙樾湾,双楠大道银河路160号（双流运动公园旁）,2014-06-01,,板塔结合,北京城承物业,25栋
4012户,成都恒大银河新城置业有限公司,http://hengdalvzhou028.fang.com/,15876,0套,恒大绿洲,银河路118号,2008年建成,,板塔结合,广州金碧物业成都有限公司,59栋
1600户,四川金恒德国际贸易有限公司,http://sijijinyue.fang.com/,13786,0套,四季金悦,双楠大道333号（时代奥特莱斯旁商都路口）,2015年建成,,塔楼,金恒德物业,10栋
3028户,成都市康海房地产开发公司,http://sijichengsh.fang.com/,11426,40套,山水四季城,龙都北路666号（百工堰活水公园旁）,2015年建成,,板塔结合,成都亿新物业管理有限公司,30栋
2819户,恒大地产集团成都有限公司,http://hengdamingdu028.fang.com/,17242,282套,恒大名都,南天府广场麓山大道（麓山国际社区对面）,2010年建成,,板塔结合,金碧物业集团有限公司,17栋
340户,成都林森房地产开发有限公司,http://xiangbocheng.fang.com/,12334,0套,香博城,双温路与草金路交汇处,2013年建成,,板楼,林森物业,8栋
3857户,成都理工大资产经营有限责任公司,http://ligongdongyuan.fang.com/zhuzhai/,12471,7套,理工东苑,二仙桥东三路1号附3号,2014年建成,,塔楼,成都市东兴物业管理有限公司,40栋
7712户,成都富力地产开发有限公司,http://fulitaoyuan028.fang.com/esf/,10170,63套,富力桃园,兴城大道777号,2015-07-30,,板楼,广州天力物业发展有限公司成都分公司,41栋
2604户,成都蓝润智邦置业有限公司,http://huafuchuntianlr.fang.com/,13035,2套,蓝润华府春天,双华路与光电大道交汇处,2017年建成,,塔楼,成都远鸿物业管理有限公司,14栋
1135户,四川宏城房地产有限公司,http://huangjinhaian2028.fang.com/,13542,34套,黄金海岸,新希望大道300号,2003年建成,,板楼,小区物业,39栋
4641户,兴元地产,http://yuanyihuayuan.fang.com/,17848,185套,元益花园,光华大道一段866号,2014年建成,,板塔结合,鑫元物业,8栋
5742户,成都蜀府信义房地产开发有限公司,http://shilinfumx.fang.com/,11570,29套,明信仕林府,海科路99号（成都师范学院旁）,2016年建成,,塔楼,成都明信房地产开发有限公司,26栋
2371户,成都市佳乐房地产开发有限公司,http://guojichengjl.fang.com/esf/,11772,63套,佳乐国际城,三河镇蜀龙路南段777号,2017-01-01,,板楼,四川佳乐物业管理有限公司,19栋
2272户,成都建工地产开发有限责任公司,http://yinglun.fang.com/,15340,130套,英伦,天目路196号,2013年建成,,板楼,万嘉物业有限公司,12栋
947户,四川海洋置地发展有限公司,http://haiyangzhongxin.fang.com/,17746,45套,莱普敦公馆,天府三街吉泰路588号,2012年建成,,塔楼,仲量联行,2栋
1848户,四川思凯房地产开发有限公司,http://kasimoguangchang.fang.com/,16233,97套,卡斯摩广场,中华大道二段99号,2012年建成,,板楼,花样年物业管理公司,2栋
1080户,四川雅居乐房地产开发有限公司,http://yubinfuyjl028.fang.com/,15478,16套,成都雅居乐花园别墅,麓山大道二段19号,2011年建成,,双拼,中山雅居乐物业管理服务有限公司成都分公司,578栋
4133户,四川中德世纪置业有限公司,http://yinglunlianbangbquzd.fang.com/,22056,168套,中德英伦联邦B区,梓州大道5500号,2015年建成,,塔楼,中德行物业管理有限公司,11栋
5930户,中国中铁八局集团房地产开发有限公司,http://lijingshuxiangzt.fang.com/,11012,60套,中铁丽景书香,大学城柳台大道（中医药大学正对面）,2016年建成,,塔楼,中铁八局物业公司,22栋
3户,成都万辰房地产开发有限公司,http://wanchenliuzhuang028.fang.com/,6365,0套,万辰柳庄,花源镇花源大道288号(成都职业技术学院旁),2012年建成,,联排,四川省宏宸置地物业管理有限公司,1栋
1859户,成都金怡源房地产开发有限公司,http://shihaoruili.fang.com/,20415,87套,世豪瑞丽,天府三街1166号,2013年建成,,板塔结合,成都世豪新瑞物业服务有限公司,6栋
1562户,成都大华实业有限公司,http://sainahepan028.fang.com/,11824,10套,塞纳河畔,光华大道1969号,2006年建成,,板楼,香港戴德梁行,17栋
875户,成都太禾房地产开发有限责任公司,http://taiheshuijingcheng.fang.com/,11690,19套,太禾水晶城,机场路土桥段118号,2008年建成,,板楼,成都市鸿盛管理有限公司,15栋
1863户,成都棠湖屋业发展有限公司,http://bolinzhenth.fang.com/,13070,67套,棠湖泊林镇,涧槽中街38号,2011年建成,,板塔结合,成都泓济物业管理有限责任公司,32栋
4户,成都兆城房地产开发有限公司,http://qianshuiwanjf.fang.com/esf/,17496,1套,建发浅水湾,正兴镇正公路33号（城南麓山高端别墅板块）,2012-06-01,,独栋,成都怡家园物业,4栋
1576户,四川川投置信房地产开发有限责任公司,http://zhixinliduhuayuancheng.fang.com/2/,17955,97套,置信丽都花园城(外侧),A区聚萃街388号、B区聚萃街399号、C区聚萃街366号、D区聚萃街377号,2000年建成,,板楼,成都蜀信物业服务有限公司,22栋
3968户,四川硕润置业有限公司,http://jingshangjing028.fang.com/,11325,6套,景尚景,郫县景尚景街28号,2012年建成,,板塔结合,四川硕润物业,11栋
1410户,和泓地产,http://hehongdong28.fang.com/,17570,18套,和泓东28,二仙桥东路46号,2015年建成,,板塔结合,北京和泓物业管理有限公司成都分公司,5栋
2320户,合能地产,http://henengsijicheng.fang.com/zhuzhai/,13791,94套,合能四季城一期,犀浦镇福梓路255号,2012年建成,,板塔结合,合能物业,5栋
3237户,成都市恒大置业有限公司,http://xijinchenghz.fang.com/,20339,147套,恒大西锦城,迎宾大道165号（迎宾广场旁）,2012年建成,,塔楼,成都恒大金碧物业有限公司,9栋
5184户,成都豪运置业,http://gelinglan.fang.com/,14056,81套,格凌兰,凤溪大道333号（紧邻温江区政府新办公区）,2016年建成,,塔楼,戴德梁行顾问,14栋
1045户,成都新神风实业,http://furongmingcheng028.fang.com/2/,10236,9套,芙蓉名城二期,蜀龙大道中段801号,2000年建成,,塔楼,神风物业,10栋
474户,成都天府置信实业有限公司,http://5haoshequ.fang.com/,9765,5套,鹭湖宫5区,春江西路98号,2012年建成,,板塔结合,成都和达物业服务有限责任公司（置信和达）,5栋
1441户,成都中石化一腾燃油有限公司,http://dongshanlingdi.fang.com/,12123,1套,东山领地,成龙大道与成简快速通道交汇处（芦溪河六国公园旁）,2015年建成,,塔楼,成都胜凯物业管理有限公司,6栋
245户,成都天府置信实业有限公司,http://changantixiang2.fang.com/,12717,0套,长岸缇香,国色天乡国际度假区,2010年建成,,"联排,独栋",成都和达物业服务有限责任公司（置信和达）,44栋
1516户,汇融集团,http://shenghuoguangchanghr.fang.com/,11438,0套,汇融生活广场,大丰街道大西三路（汇融悉尼湾对面）,2017年建成,,塔楼,成都汇融物业服务有限公司,3栋
78户,成都市华凌房地产开发有限公司,http://dujiangsenlin.fang.com/,10028,0套,都江森林别墅,香雪海路83号,2009年建成,,"独栋,双拼",小区物业,69栋
6638户,四川中盛房地产开发有限责任公司,http://hanlinnancheng.fang.com/,13557,59套,翰林南城,长江路二段5号,2007年建成,,板楼,四川润无声物业管理有限公司,35栋
3503户,成都传化置业有限公司,http://guojixinchengch.fang.com/,10351,24套,传化国际新城,大件路（万科双水岸旁）,2014年建成,,板塔结合,成都金泉物业管理有限公司,17栋
66户,成都万华房地产开发有限公司,http://lsgghzsz.fang.com/,39597,0套,麓山国际黑钻山庄,麓山大道二段6号,2005年建成,,独栋,成都麓山物业管理有限公司,66栋
1522户,蛟龙投资发展有限公司,http://jinxiunanjun.fang.com/,10622,13套,锦绣楠郡,双流县乌江路47号,2010年建成,,板塔结合,蛟龙港世纪物业,6栋
1177户,祥宝投资（成都）有限公司,http://chengduicc.fang.com/,29990,69套,成都ICC,东大路二环路外沙河畔,2012年建成,,板楼,启胜物业管理公司,11栋
1074户,富豪实业,http://fuhaoxinan.fang.com/,14222,24套,富豪新岸,白衣上街二段118号（川头国际酒店附近）,2011年建成,,塔楼,成都双流百信物业管理有限责任公司,25栋
5388户,四川凯越置业有限公司,http://ganabinjiang.fang.com/,17901,229套,戛纳滨江,滨河路二段169号,2009年建成,,板楼,同森物业,12栋
3234户,四川中德世纪置业有限公司,http://yinglunlianbangaquzd.fang.com/,20117,332套,中德英伦联邦A区,会龙大道365号,2014年建成,,塔楼,衡信英伦物业,11栋
211户,都江堰市青城旅游开发有限责任公司,http://jiariqingcheng365zhaiyuan.fang.com/,10308,0套,假日青城365宅院,豪生路8号,2010年建成,,叠拼,中铁二局物业管理公司,31栋
3154户,四川西财置业有限公司,http://xuefuyangguangxc.fang.com/,10839,57套,西财学府阳光,大学城海科路东段（西南财经大学旁）,2015年建成,,塔楼,四川悦华物业管理有限公司,20栋
1132户,成都青年房产有限责任公司,http://wangjiangjiayuan.fang.com/,37084,33套,望江嘉苑,三官堂街16号,2002年建成,,板楼,成都利丰物业有限公司,20栋
1258户,成都郫县万达广场投资有限公司,http://shuduwandaguangchang.fang.com/esf/,7123,20套,蜀都万达广场,望从东路347号（成灌东路与望丛东路交汇处）,2016-11-01,,板塔结合,成都宏鹏物业管理有限公司,4栋
4516户,成都市武侯区桂溪房地产开发公司,http://shangjinyiyuan028.fang.com/,10710,400套,上锦颐园一期,尚锦路116号,2008年建成,,塔楼,成都市武侯区清江物业管理有限公司,38栋
708户,"科成集团公司 , 金诚物流公司",http://xinyuanzijunxf.fang.com/,13009,1套,雄飞新园紫郡,新园大道8号（三和广本后）,2015年建成,,板塔结合,成都蜀信物业服务有限公司,11栋
126户,四川西蜀盛信置业有限公司,http://tianyuanshiyi.fang.com/,3884,0套,田园诗驿,新民场环城路47号（镇政府旁）,2015年建成,,板楼,万居物业,5栋
192户,四川煤田瑞鑫房地产开发有限公司,http://guanghuazhixinscmt.fang.com/,7643,0套,四川煤田光华之心,温泉北街267号（水映岛旁）,2016年建成,,板塔结合,四川戴斯物业服务有限公司,1栋
2534户,成都市成华区危改办,http://shangdongyihao.fang.com/,15675,97套,上东一号一期,东昌路55号,2014年建成,,塔楼,创天乐物业管理有限公司,16栋
2577户,成都金阳华英达置业有限公司,http://yichengguojijy.fang.com/,19247,194套,金阳易诚国际,培华路399号,2012年建成,,板塔结合,北京国基伟业物业管理有限公司,5栋
2322户,四川润扬房地产开发有限公司,http://runyangbeicheng1hao.fang.com/,12596,26套,润扬北城1号,新都大道（新都妇幼保健院对面）,2010年建成,,板楼,成都孺牛物业服务有限公司,9栋
220户,成都美好房屋开发有限公司,http://meihaojiayuan2.fang.com/esf/,13978,18套,美好家园,机场路181号（四川检察官院四川分院斜对面）,2013-12-01,,板楼,成都美好家园物业服务有限责任公司,8栋
1727户,成都东方希望天祥置地有限公司,http://tianxiangguangchangdfxw.fang.com/,19956,13套,东方希望天祥广场,天府大道中段500号（世纪城站旁）,2015年建成,,板楼,成都东方希望物业服务有限公司,3栋
1000户,成都市鹏程房屋开发有限公司,http://feicuihaiwan.fang.com/,15278,77套,翡翠海湾,蜀跃东路138号,2006年建成,,板楼,戴德梁行,7栋
616户,蓝润联博置业有限公司,http://vkedongdoulr.fang.com/,11830,0套,蓝润V客东都,三圣乡地铁2号线洪河站点,2017年建成,,塔楼,四川远鸿物业管理有限公司,2栋
85户,成都远大蜀阳房地产开发有限责任公司,http://linyuchengyd.fang.com/esf/,14300,0套,远大林语城别墅,武侯大道延线（双楠大道南侧）,2014-01-01,,联排,成都远大创新物业,38栋
1874户,成都市劲城房地产开发有限公司,http://zanchenggjz.fang.com/,13397,0套,高家庄赞城,蜀西路29号,2016年建成,,塔楼,成都华玮物业管理服务有限公司,5栋
2315户,成都环美置业有限公司,http://meichengyunting.fang.com/,17608,32套,美城云庭,剑南大道南段338号,2014年建成,,板塔结合,成都仁和春天物业管理有限公司,6栋
1048户,成都双流富豪实业有限责任公司,http://qishijunjincheng.fang.com/,14605,24套,骑士郡,机场路近都段12号（四川省司法警官总医院对面）,2015年建成,,塔楼,成都双流百信物业管理有限责任公司,7栋
1568户,成都圣沅房地产开发有限公司,http://yizhouguoji.fang.com/,16760,8套,益州国际广场,天府大道南段西500米（益州大道与华府大道交汇处）,2014年建成,,板塔结合,成都圣沅佳理物业管理有限公司,2栋
879户,成都金怡源房地产开发有限公司,http://tianfuhaoting.fang.com/,20986,136套,天府豪庭,武侯区荣华南路398号,2011年建成,,塔楼,成都世豪新瑞物业服务有限公司,2栋
1117户,成都中能置业有限公司,http://yiyunzhen.fang.com/,13343,60套,依云镇,光华大道三段1333号,2007年建成,,塔楼,忠信英联华物业管理顾问有限公司,21栋
3643户,成都保龙房地产开发有限公司,http://meiguihuayubl.fang.com/,15396,19套,保利玫瑰花语,龙城大道（四川师范大学成龙校区旁）,2015年建成,,板楼,保利物业,12栋
3244户,保利（成都）实业有限公司,http://lafeigongguanbl028.fang.com/,12308,10套,保利198拉斐公馆,蜀龙路1980号（三环蜀龙路熊猫基地旁）,2015年建成,,塔楼,保利物业有限公司成都分公司,14栋
1400户,中铁房地产集团四川有限公司,http://beihuguojichengzgtj.fang.com/esf/,12634,1套,中国铁建北湖国际城,东三环路一段外侧（石室中学对面）,2016-05-01,,塔楼,中铁建（北京）物业管理有限公司成都分公司,6栋
1537户,四川晋元实业有限公司,http://honggeyihao.fang.com/,17666,103套,鸿阁一号,龙灯山路281号,2009年建成,,板楼,四川嘉晋物业管理有限公司,5栋
912户,成都百信投资实业有限公司,http://092106.fang.com/,4909,0套,锦绣尚城,金彭中路355号（金彭花园对面）,2012年建成,,塔楼,成都博鑫物业管理有限公司,2栋
3112户,成都市华兴住宅房地产开发有限公司,http://jinxiuhuadu028.fang.com/,9830,106套,锦绣华都,三强路北二段88号,2005年建成,,板楼,四川悦华置地物业管理有限公司,83栋
378户,成都市金鸿实业有限公司,http://deyixinyuan.fang.com/,14822,33套,德意馨苑,蜀汉路532号,2003年建成,,板楼,舜苑资产经营管理有限公司,10栋
1404户,保利（成都）实业有限公司,http://jinxiangbinbl028.fang.com/,23458,153套,保利金香槟,蜀鑫路105号,2011年建成,,板塔结合,保利物业,8栋
4394户,北京绵世集团,http://xidiwanms.fang.com/,13900,2套,绵世溪地湾,校园路99号（西南交大旁）,2014年建成,,板塔结合,成都迈尔斯通物业管理公司,11栋
152户,成都环美置业有限公司,http://yuerongfumc.fang.com/,16123,0套,美城悦荣府别墅,天府新城剑南大道333号,2016年建成,,联排,成都嘉诚新悦物业管理有限公司,10栋
472户,成都万科华东置业有限公司,http://haiyuehuichengxiquwk.fang.com/,21109,0套,万科海悦汇城西区,海昌路169号,2014年建成,,塔楼,成都万科物业管理有限公司,2栋
503户,成都润宏府置业有限公司,http://jinhuaguojichengzt.fang.com/,9135,6套,中铁金花国际城,金花镇金凤街179号（武兴路与金凤街交汇处）,2015年建成,,板楼,戴德梁行房地产咨询（成都）有限公司,8栋
1120户,成都花雨实业有限公司,http://sanduhuichaowai.fang.com/,9718,0套,三都汇朝外,华府大道二段265号,2016年建成,,塔楼,深圳金众物业有限公司,3栋
14户,和记黄埔地产（成都）有限公司,http://caidieyuan.fang.com/villa/,13397,1套,彩叠园别墅,光华大道三段涌泉鹏程路1088号,2010年建成,,"独栋,联排,叠拼",家利物业,2栋
100户,成都万华房地产开发有限公司,http://lushanguojishuijinggang.fang.com/,36893,0套,麓山国际水晶岗,麓山大道二段6号,2006年建成,,联排,成都麓山物业管理有限公司,100栋
564户,成都万华房地产开发有限公司,http://banyuewanlsgj.fang.com/,17534,43套,麓山国际半月湾,麓山大道二段6号,2013年建成,,塔楼,成都麓山物业管理有限公司,4栋
539户,成都中铁置业有限公司,http://xijunyinghuazt.fang.com/zhuzhai/,12597,52套,西郡英华一期,港通北一路567号,2012年建成,,板楼,成都中铁瑞城物业管理有限公司郫县分公司,48栋
136户,成都万华房地产开发有限公司,http://lushanguojiyicuigu.fang.com/,31945,1套,麓山国际逸翠谷,麓山大道二段6号,2005年建成,,联排,成都麓山物业管理有限公司,136栋
1404户,成都嘉汇置业有限公司,http://jiliuyuanjd.fang.com/,10835,19套,交大季柳园,犀浦校园路822号,2013年建成,,塔楼,四川华玮物业管理有限公司,6栋
990户,成都融辉置业有限公司,http://jinhuifengshang028.fang.com/,17383,35套,金辉枫尚,外双楠武侯大道果堰路1号（中华名园旁）,2014年建成,,板塔结合,金辉物业,5栋
312户,成都金河谷置业有限公司,http://ruilizhuangyuan.fang.com/,17288,0套,金河谷三期,温江区涌泉七星街191号,2012年建成,,独栋,成都世豪新瑞物业服务有限公司,48栋
3021户,郫县三利房地产有限责任公司,http://kabulichengjd.fang.com/,12609,224套,交大卡布里城,犀浦龙吟村2、3、4社,2009年建成,,板塔结合,成都德冠物业管有限公司,11栋
3140户,双流金座置业有限公司,http://weinigujz.fang.com/esf/,14141,2套,金座威尼谷,正通路(社保局对面),2015-12-01,,板楼,成都佶惠佳物业服务有限公司,19栋
2991户,成都金科房地产开发有限公司,http://jinkezhongxin.fang.com/,10209,3套,金科中心,成华区川陕立交旁荆翠西路,2015年建成,,板塔结合,重庆金科物业管理有限公司成都分公司,9栋
1111户,成都天府华侨城实业发展有限公司,http://donganhqc.fang.com/esf/,24199,24套,华侨城天屿,交大立交桥外侧西华大道（原沙西线）9号（华侨城欢乐谷旁）,2011-12-30,,独栋,深圳市华侨城物业管理有限公司成都分公司,118栋
2116户,华润置地（成都）青羊有限公司,http://jinyuewanhr.fang.com/esf/,25210,8套,华润金悦湾,清波路77号（IT大道跨线桥北·西三环外）,2013-10-31,,板楼,华润置地（成都）物业服务有限公司,23栋
2086户,西藏格林实业有限公司,http://maitianguojishequ.fang.com/esf/,9165,9套,格林城市花园,毕达路256号,2016-06-01,,板楼,成都嘉诚新悦物业管理有限公司,6栋
2358户,四川万佳实业开发有限责任公司,http://ganlanjun.fang.com/,11671,46套,橄榄郡,静安路19号,2008年建成,,塔楼,小区物业,33栋
2552户,成都铭发置业有限公司,http://huishashaocheng.fang.com/,26936,35套,汇厦少城,文庙西街,2014年建成,,塔楼,安怡物业,6栋
1764户,四川省蜀府房屋建设开发有限公司,http://guanghuajinyuan.fang.com/,21662,86套,光华锦苑,光华北六路216号,2013年建成,,塔楼,四川昌达物业管理有限责任公司,6栋
520户,成都市金港房屋开发公司,http://jingangwanhuayuan.fang.com/2/,16296,15套,金港湾花园二期,茶店子蜀光路16号,2004年建成,,板楼,金港物业,10栋
438户,成都英祥房地产开发有限公司,http://beichengyingxiang.fang.com/esf/,8908,0套,北城映像,同华大道北侧金河路（九峰路交汇处）,2016-12-01,,板楼,自贡英祥物业管理公司,2栋
29户,成都潮蓉实业有限公司,http://bishuiqingcheng.fang.com/,7647,0套,碧水青城,白鹤路2号（青城在望对面）,2008年建成,,联排,舜苑资产经营管理有限公司,5栋
1745户,成都市金马泰基房地产有限责任公司,http://yueshuilanshan.fang.com/,10369,0套,悦水蓝山,温江区蓉台大道,2011年建成,,"联排,双拼",四川凯莱物业有限公司,73栋
826户,"
										,
									",http://yinxiangjinsha.fang.com/,19060,92套,印象金沙,金阳路390号,2006年建成,,板楼,雄宇实业,6栋
554户,成都市益民房地产开有限责任公司,http://yijingyangguang028.fang.com/,6753,0套,怡景阳光,石家碾东路280号,2008年建成,,板楼,成都市鑫益物业管理有限公司,3栋
928户,"
										,
									",http://jiaodazhineng.fang.com/2/,16663,59套,交大智能二期,交桂路89号,2001年建成,,板楼,西南交通大学房地产开发公司,21栋
2户,绿地集团申龙房地产开发有限公司,http://yueronggongguanld.fang.com/,12202,0套,绿地悦蓉公馆,桂林西路88号（桂林小学对面）,2018年建成,,板楼,成都嘉诚新悦物业管理有限公司,2栋
532户,成都国色天乡旅游投资有限公司,http://luhugong6qu.fang.com/,13046,0套,鹭湖宫6区别墅,天乡路二段299号,2016年建成,,"普通住宅,独栋,联排",成都和达物业服务有限责任公司（置信和达）,33栋
358户,成都正元建设开发公司,http://huahaoyueyuan028.fang.com/,15600,29套,花好月圆,蜀汉路89号,2003年建成,,塔楼,成都嘉宝东方物业管理有限公司,1栋
606户,中国中铁八局集团房地产开发有限公司,http://aoweierzt.fang.com/villa/,11225,0套,中铁奥维尔别墅,梨园路一段528号,2012年建成,,"联排,双拼,叠拼",四川力宝企业管理有限公司,72栋
432户,成都明信房地产开发有限公司,http://hexiejiayuan028.fang.com/,15582,50套,和谐家园,蜀西路4号（近光明街）,2006年建成,,塔楼,成都市青春物业管理有限公司,2栋
763户,成都市加贝置业有限责任公司,http://shuxiangshangpinjb.fang.com/,13122,45套,加贝书香尚品,临港四段28号,2007年建成,,板楼,成都回归物业管理有限公司,4栋
647户,成都金房集团有限公司,http://zhuyuntianfujf.fang.com/,14410,73套,金房竹韵天府,三环路西二段56号,2004年建成,,板楼,成都金房物业有限公司,12栋
908户,成都华新国际实业有限公司,http://jinxiushangjunhx.fang.com/esf/,10210,0套,华新锦绣尚郡,牧马山大件路1089号,2011-11-01,,"联排,双拼",华新瑞泰物业管理公司,150栋
1721户,成都天佳置业有限公司,http://guangchangjzy028.fang.com/esf/,12874,0套,佳兆业广场,马厂社区一、二组(光华大道一段西非遗博览园旁),2015-08-01,,塔楼,成都佳兆业物业管理有限公司,8栋
2927户,成都万科光华置业有限公司,http://jinselingyuwk028.fang.com/,19843,122套,万科金色领域,光华南三路88号,2014年建成,,板塔结合,成都万科物业服务有限公司,18栋
2496户,成都上置置业有限公司,http://lvzhouyabinlihuayuansz.fang.com/,10536,36套,上置绿洲雅宾利花园,港华路555号（221终点站）,2016年建成,,板楼,成都上置置业有限公司,13栋
2376户,四川汇融地产有限公司,http://huirongmingcheng.fang.com/,19450,26套,汇融名城,二环路北四段9号,2008年建成,,塔楼,成都汇融物业管理有限公司,10栋
1828户,成都吉盛置业有限公司,http://duhuichengss.fang.com/esf/,9644,1套,三盛都会城,车城东七路733号（吉利汽车对面）,2015-12-30,,塔楼,伯恩物业公司,8栋
3522户,东原地产,http://dongyuanxian.fang.com/esf/,8355,0套,东原城,金马国际体育城太极大道66号（体育城附近）,2015-12-01,,塔楼,东原物业,18栋
567户,成都市万家和房地产开发有限公司,http://jiaheruijing.fang.com/,7645,0套,嘉和瑞景,华逸路111号（华逸路与红阳路交汇处）,2014年建成,,塔楼,成都市永兴物业管理有限公司,3栋
1253户,成都重投九华实业有限公司,http://liangjiangguoji.fang.com/,19358,22套,两江国际,益州大道与天府一街交汇处,2014年建成,,板楼,成都颐丰物业管理有限责任公司,7栋
206户,崇州市天祥实业有限责任公司,http://qingchengshenyun028.fang.com/,暂无,0套,青城神韵一期,街子镇金鱼街1号,2006年建成,,板楼,名家物业管理公司,10栋
2117户,成都金强实业有限公司,http://haixiaxincheng.fang.com/,9659,33套,海峡新城,柳台大道东段61号,2007年建成,,板楼,成都住邦物业有限公司,84栋
3386户,成都花样年置富房地产开发有限公司,http://huayangchenghyn028.fang.com/5/,8187,0套,花样年花样城五期,温江区太极大道,2015年建成,,塔楼,花样年物业管理成都分公司,15栋
1080户,成都天烨置地屋业开发有限公司,http://qianhexincheng.fang.com/,17588,93套,千和馨城,蜀汉路520号,2006年建成,,塔楼,成都天和物业管理有限公司,4栋
288户,四川广泽房地产投资发展有限公司,http://changhejun.fang.com/esf/,6957,0套,长河郡,学苑路456号,2014-10-01,,板楼,成都睿邦物业管理公司,4栋
1534户,成都保鑫投资有限公司,http://wutongyubl028.fang.com/,19557,2套,保利梧桐语,金牛区黄金东二路,2014年建成,,塔楼,广州保利物业管理有限公司,10栋
3190户,成都市保华房地产开发有限公司,http://baolikangqiao.fang.com/,27441,51套,保利康桥,成华大道杉板桥路199号,2013年建成,,板楼,保利金钥匙物业,19栋
942户,中大房地产集团/四川思源科技开发有限公司,http://junyuejinshazd.fang.com/7/,24681,42套,中大君悦金沙七期,金鹏街388号,2014年建成,,塔楼,成都合力物业服务有限公司,10栋
1511户,成都珠江投资有限公司,http://guojihuayuanzj028.fang.com/,12453,0套,珠江国际花园,天宝西街89号,2007年建成,,板楼,康景物业,12栋
960户,成都招商龙城房地产开发有限公司,http://yiyunshangchengzs.fang.com/esf/,10432,0套,招商依云上城,西河镇成洛大道（西南食品城旁）,2016-12-01,,塔楼,招商局物业管理公司成都分公司,3栋
2896户,成都鲁能置业有限公司,http://lunengchengcd.fang.com/esf/,21595,0套,成都鲁能城,跳蹬河槐树店路26号（成洛大道与中环路交汇处）,2017-6-01,,塔楼,鲁能物业,16栋
2026户,成都福瑞置业有限公司,http://masaichengztej.fang.com/,20989,8套,中铁二局玛塞城,二环路东一段11号,2015年建成,,塔楼,中铁瑞城物业管理公司,7栋
2560户,成都新神风实业,http://furongmingcheng.fang.com/,10307,38套,芙蓉名城一期,清源路66号,2010年建成,,板楼,成都宏升升物业管理有限公司,35栋
1732户,成都华成股份有限公司,http://yangguanghuayuan2028.fang.com/,17434,32套,阳光华苑,华府大道一段1175号,2006年建成,,板楼,华安居物业,43栋
61户,成都新昕实业开发有限公司,http://yuanxiang.fang.com/,18405,10套,原乡,华阳滨河路中段,2005年建成,,"联排,独栋",成都爱地阳光物业管理有限公司,51栋
1968户,成都欣宇房地产开发有限公司,http://dushigangwanxy.fang.com/,15132,41套,欣宇都市港湾,协和上街299号,2010年建成,,板塔结合,成都斯培行物业管理有限公司,13栋
792户,成都弘发实业有限公司,http://fcbdgjsq.fang.com/,16421,29套,翡翠半岛国际社区,老成仁路6号（红星路南延线与领馆大道交汇处）,2011年建成,,板塔结合,四川华玮物业管理物业有限公司,7栋
864户,成都双流金辉房地产开发有限公司,http://zonglvnanan.fang.com/,17180,75套,棕榈南岸,天府大道南段1081号,2009年建成,,塔楼,英联华（香港）物业管理顾问有限公司,4栋
416户,成都潮蓉实业有限公司,http://jinshayanfucr.fang.com/,17086,0套,金沙彦府,黄苑街与三环路交汇处（中海金沙府对面）,2016年建成,,塔楼,成都三和佳物业服务有限公司,1栋
4300户,四川和鸿地产开发有限公司,http://tianfujinhua.fang.com/,12388,1套,天府金花,金凤街129号,2007年建成,,板楼,成都力成物业管理有限公司,4栋
272户,成都永垹置业有限公司,http://yizhongxin028.fang.com/,8123,0套,壹中心,北京路138号（南临驿都大道，西临翠龙路）,2017年建成,,塔楼,深圳花样年物业管理有限公司,1栋
2076户,四川新景实业有限公司,http://yutingshangjun.fang.com/,18190,50套,御廷上郡,中和大道三段189号,2012年建成,,塔楼,成都申和物业有限公司,7栋
4398户,成都置信集团,http://xuefuxinglin.fang.com/,9850,21套,置信学府杏林,永宁镇八一路99号(八一路芙蓉大道交界处),2015年建成,,板楼,成都合达联行物业服务有限责任公司,17栋
2985户,成都鹏伟实业有限公司,http://yihejingdu.fang.com/,16820,55套,颐和京都,培风路276号,2016年建成,,塔楼,四川省和华物业管理公司,8栋
1215户,四川德坤实业有限公司,http://haidiyadk.fang.com/,10312,26套,德坤海地亚,温江区春江南路8号,2013年建成,,"板楼,塔楼",广泽物业,14栋
136户,成都武海置业有限公司,http://zhonghuamingchengwh.fang.com/,10028,0套,武海中华名城,凤祥大道800号（实验小学旁）,2016年建成,,塔楼,成都市清华坊楼宇服务有限责任公司（顾问）,2栋
716户,成都置信实业（集团）有限公司,http://zhixinxiangyilidou.fang.com/,11221,2套,置信香颐丽都,天乡路二段88号,2008年建成,,板楼,成都置信合智物业,125栋
6624户,四川温资房地产开发投资有限公司,http://wengehuahuayuan.fang.com/,13359,154套,温哥华花园一期,长江路1号（航空港）,2005年建成,,板塔结合,四川温资物业管理有限公司,17栋
1330户,成都鸿祥置业有限公司,http://huayuanwj.fang.com/,10739,4套,温江花语岸,春江南路160号,2014年建成,,塔楼,成都瑞合物业有限公司,8栋
40户,成都市盛鑫房地产开发有限责任公司,http://guojishequfhh.fang.com/,10096,0套,凤凰湖国际社区,凤凰大道三段（凤凰湖湿地公园对面）,2013年建成,,板塔结合,四川盛德物管公司,2栋
2400户,成都国创置业有限公司,http://tamiyazt.fang.com/,14461,101套,中铁塔米亚,郫县国宁东路1188号,2014年建成,,板塔结合,鑫天禹物业公司,14栋
1806户,成都棠湖泊林城房地产开发有限公司,http://nanjunthblc.fang.com/,14245,9套,棠湖泊林城,华府大道三段300号,2016年建成,,板塔结合,泓济物业发展有限公司,7栋
946户,"
										,
									",http://shuxiangfudi028.fang.com/,14131,64套,书香府邸,天目路196号,2000年建成,,塔楼,成都兴泰置业有限公司,9栋
1892户,"
										,
									",http://taoyuanliuan.fang.com/,8697,6套,桃园柳岸,望丛西路261号,2011年建成,,板楼,成都桃源置业有限公司,34栋
1208户,成都双华通缆有限公司,http://shuanghualugang.fang.com/,16121,53套,双华麓港,成都市天府大道2036号,2009年建成,,板塔结合,信茹物业,3栋
996户,蓝光集团,http://zitanshanlg.fang.com/villa/,13910,6套,紫檀山,春江南路1688号,2010年建成,,"双拼,叠拼",成都嘉宝物业管理公司,52栋
1554户,成都森宇实业集团有限公司,http://yinyuehuayuansy.fang.com/,9311,72套,森宇音乐花园,温泉大道一段558号,2004年建成,,板楼,森宇物业,29栋
660户,四川瑞升实业集团有限公司,http://ruishengmingyuan.fang.com/,10683,30套,瑞升明院,航空港临港路33号,2009年建成,,板塔结合,成都瑞德物管公司,1栋
2316户,成都市圣采置业有限责任公司,http://shengcaiboshang.fang.com/,13159,9套,圣采泊尚,北三路（杜家七队公交站西北方向500米处）,2015年建成,,板楼,美佳物业,13栋
1056户,成都市武侯区桂溪房地产开发公司,http://shangjinyazhu.fang.com/,17125,123套,上锦雅筑,火车南站西路25号,2006年建成,,板楼,清江物业,6栋
358户,成都裕鑫房地产开发建设公司,http://nanjun7yingli.fang.com/villa/,15689,2套,南郡7英里,姐儿堰路152号,2009年建成,,"联排,双拼",翰林物业,58栋
2772户,成都环美置业有限公司,http://meichengyuerongfu.fang.com/,17853,5套,美城悦荣府,天府新区剑南大道南段333号（伊藤高新店南行1500米）,2015年建成,,板塔结合,成都嘉诚新悦物业管理有限公司,5栋
680户,中国中铁二局集团房地产开发有限公司,http://xinjie.fang.com/,20721,52套,新界五期,太平园横二街56号,2014年建成,,板楼,中铁二局物业管理公司,9栋
6608户,上海绿地集团成都申蓉房地产开发有限公司,http://guojihuadould.fang.com/,11037,344套,绿地国际花都三期,蜀都新城南北大道,2014年建成,,板楼,重庆泓山物业,20栋
3996户,成都滕王阁房地产开发有限公司,http://ludaoguojishequ028.fang.com/4/,23505,95套,鹭岛国际四期,鹭岛路36号（鹭岛国际三区旁边）,2012年建成,,塔楼,滕王阁物业,5栋
22户,成都龙泉驿蓝光和骏置业有限公司,http://languanggongyuanhuafu.fang.com/esf/,18415,0套,蓝光公园华府,龙泉驿区成龙大道金枫路,2017-1-1,,"板楼,板塔结合",蓝光嘉宝物业,1栋
2268户,成都金强实业有限公司,http://daxuechengjq.fang.com/,10694,58套,金强大学城,南熏大道三段855号,2007年建成,,塔楼,成都市锦城物业管理有限责任公司,6栋
1614户,成都旭和房地产开发有限公司,http://luosenbaoxindian.fang.com/,15873,0套,洛森堡蝶郡,麓山大道680号（华阳客运站东侧800米）,2015年建成,,板塔结合,成都佳祥物业管理有限公司,8栋
1266户,和信房产,http://shuimutianchenghx.fang.com/,11682,1套,和信水沐天城,兴乐南路1号,2009年建成,,板塔结合,和顺物业,19栋
3117户,成都市华兴住宅房地产开发有限公司,http://xiangnanhu.fang.com/,12485,0套,香楠湖,双流涧槽中街333号,2009年建成,,板塔结合,成都双流华兴住宅物业发展有限公司,19栋
442户,四川百川房地产开发有限公司,http://lingguanyipin.fang.com/,16503,14套,领馆逸品,新下街319号,2009年建成,,塔楼,百川物业,2栋
1404户,成都旭和房地产开发有限公司,http://luosenbaoxindian2.fang.com/,15863,8套,洛森堡新殿,麓山大道310号,2013年建成,,塔楼,成都佳祥物业有限公司,4栋
1797户,成钞集团,http://chengchaojiayuan.fang.com/,7961,15套,成钞家园,新建路60号,2000年建成,,板楼,小区物业,47栋
1187户,成都鼎云房地产开发有限公司,http://dingyunguoji.fang.com/esf/,14867,0套,融城云熙,顺城大街316号,2012-05-01,,塔楼,成都鼎云物业管理有限公司,1栋
780户,成都金城冶金实业有限公司,http://qilixiaoyue.fang.com/,17408,20套,七里晓月,武侯区簇桥七里路207号（七里大道旁）,2013年建成,,"板楼,塔楼,板塔结合",小区物业,4栋
640户,成都置信实业（集团）有限公司,http://luhugongqiqu.fang.com/,14423,0套,鹭湖宫7区别墅,春江西路268号,2013年建成,,"联排,独栋",成都和达物业服务有限责任公司（置信和达）,40栋
54户,新津白云山庄园艺开发有限公司,http://135392.fang.com/,7911,0套,牧山康桥郡,牧马山花源镇紫云路（白马寺背后）,2015年建成,,"联排,独栋",四川馨城物业管理公司,38栋
2108户,成都龙湖地产,http://beichengtianjielh.fang.com/2/,21365,77套,龙湖北城天街二期,五福桥东路299号,2012年建成,,塔楼,成都龙湖物业服务有限公司,21栋
1350户,四川北亚实业发展有限公司,http://lananlijing.fang.com/,14810,45套,蓝岸丽景,华阳镇滨河路二段99号,2007年建成,,板楼,成都市昌新物业管理公司,8栋
1883户,四川成发航空科技股份有限公司,http://shangxingjinxiu.fang.com/,16864,0套,上行锦绣,荆竹坝东街333号,2010年建成,,板楼,全诚同兴物业管理公司,6栋
1162户,成都御都投资有限公司,http://kaisidunhuafu.fang.com/,8093,0套,凯斯顿华府,同华大道199号（凤凰湖湿地公园对面）,2010年建成,,板塔结合,同馨物业,8栋
453户,成都置信实业（集团）有限公司,http://xiangyilidouzx.fang.com/villa/,12476,0套,置信香颐丽都别墅,温江万春镇国色天香江安河畔,2006年建成,,联排,成都合达联行物业服务有限公司,29栋
160户,成都恒辉房地产开发有限公司,http://fenghuang1hao.fang.com/,8144,0套,凤凰1号,凤凰大道二段888号（凤凰湖公园正对面）,2013年建成,,板塔结合,成都中能物业管理有限责任公司,1栋
1813户,四川蜀道实业发展有限责任公司,http://xinshenghuolt.fang.com/esf/,10926,1套,佳年华新生活,光华大道三段江安路518号（江安河畔）,2016-05-01,,塔楼,四川通用物业有限公司,8栋
889户,成都市万帝房屋开发公司,http://jinqiuleyuan.fang.com/,8291,0套,金秋乐园,镇白云路102号,2003年建成,,塔楼,小区业主委员会自管,26栋
38户,成都万华房地产开发有限公司,http://heiyingzhuangyuan.fang.com/,46724,0套,麓山国际黑鹰庄园,麓山大道二段6号,2011年建成,,独栋,成都麓山物业管理有限公司,38栋
3366户,成都天府华侨城实业发展有限公司,http://tianebaohqc.fang.com/,23101,32套,华侨城天鹅堡,西华大道1号,2012年建成,,塔楼,深圳市华侨城物业管理有限公司成都分公司,16栋
705户,成都双流蛟龙投资有限责任公司,http://jiaolongyinzuo.fang.com/2/,10521,0套,蛟龙银座二期,新双楠大道双九路（新行政中心附近）,2011年建成,,塔楼,世纪物业,4栋
232户,中海信和（成都）物业发展有限公司,http://zhonghaifengshu.fang.com/,19615,2套,中海峰墅,羊西线蜀西路399号,2010年建成,,"联排,双拼",中海信和(成都)物业发展有限公司,37栋
32户,成都东创科技园投资有限公司,http://hanlinshijia028.fang.com/,10003,0套,翰林世家,锦绣大道南段99号（西南财大西门）,2015年建成,,板楼,成都众合为物业服务有限公司,1栋
2142户,成都市柳城泰基地产有限公司,http://guanghuaguoji.fang.com/,13792,62套,光华国际,温江仁和路188号,2013年建成,,塔楼,香港英联华物业管理公司,12栋
2457户,四川建隆实业有限公司,http://dujuancheng.fang.com/esf/,4764,5套,杜鹃城千万间,安德镇政府路1号（安德政府对面）,2012-12-01,,板塔结合,四川亿新物业管理公司,42栋
1590户,四川省遂宁市欣茂房地产开发有限公司,http://xijunlanting.fang.com/,10703,34套,西郡兰庭,犀埔镇校园路129号,2010年建成,,板塔结合,遂宁谐安物业管理有限公司,5栋
1304户,四川川大科技园（南区）开发有限公司,http://wuguojie.fang.com/,18022,31套,无国界,高新区天府二街269号,2015年建成,,板塔结合,Wealtheep,3栋
1178户,利通房产,http://chushuifuronglt2.fang.com/,15718,69套,利通出水芙蓉,新希望大道398号,2006年建成,,板楼,小区物业,24栋
2030户,成都兴元房地产开发有限公司,http://xingyuanliyuan.fang.com/,13885,164套,兴元丽园,顺和街2号（武侯立交内侧）,2004年建成,,板楼,鑫元物业,10栋
514户,成都富邦投资有限责任公司,http://banshanweicheng.fang.com/,13482,0套,半山卫城,胜利镇长兴路168号,2010年建成,,"独栋,联排,双拼",成都和达物业服务有限责任公司（置信和达）,165栋
1002户,成都市新川藏路建设开发有限责任公司,http://xinjie.fang.com/3/,24345,63套,新界三期,武阳大道二段456号,2011年建成,,板楼,成都中铁瑞城物业管理有限公司新界分公司,17栋
3517户,成都通瑞永立置业有限公司,http://yueguanghutr.fang.com/,13386,63套,通瑞月光湖,公兴镇牧华路三段259号（南天府广场旁）,2013年建成,,塔楼,通瑞物业,16栋
2028户,成都市成华区危改办,http://shangdongyihao.fang.com/2/,15556,76套,上东一号二期,荆翠中路300号,2010年建成,,塔楼,成都市创天乐物业管理有限公司,19栋
56户,成都岁宝房地产开发有限公司,http://qingchengyangguang.fang.com/,6900,0套,青城阳光,大三路79号,2003年建成,,板楼,小区物业,4栋
1699户,成都华宇业瑞地产开发有限公司,http://huayunanyuan.fang.com/,19908,85套,华宇楠苑,兆景路150号（申蓉汽车对面）,2012年建成,,板楼,华宇物业管理公司,14栋
20户,四川经都置业有限公司,http://haoyaqingchengmy2.fang.com/esf/,12152,0套,明宇豪雅青城,玉堂镇铁军路口（赵公大院旁）,2015-12-01,,板楼,成都明宇物业有限公司,2栋
10户,成都中铁置业有限公司,http://xijunyinghuazt.fang.com/esf/,12958,0套,西郡英华涧桥郡组团,红光港通北一路567号（距成灌快铁600米）,2012-06-01,,联排,成都中铁瑞城物业管理有限公司郫县分公司,4栋
2078户,保利地产,http://xiangbinguanghuabl.fang.com/,23550,179套,保利香槟光华,光华东五路255号,2014年建成,,塔楼,保利物业,11栋
开金路188号,"
										,
									",http://jinfurongsd.fang.com/,8020,0套,胜地金芙蓉,20栋,2007年建成,,580户,成都民和房地产开发有限公司,成都嘉迅物业公司
2068户,四川中房鸿都汇友置业有限公司,http://ouzhouyinxiang.fang.com/,14690,64套,欧洲印象,航空港机场路（家园国际酒店旁）,2012年建成,,板塔结合,成都怡美物业有限公司,6栋
4305户,成都玉屏房产开发公司,http://nanyangshengshi.fang.com/,15136,42套,南阳盛世,广都上街138号,2011年建成,,板塔结合,福美乐,14栋
1668户,保利（成都）实业有限公司,http://gongyuan198bl.fang.com/,12727,118套,保利198玫瑰郡,三河紫桐路255号,2017年建成,,"板楼,塔楼",广州保利物业有限公司成都分公司,14栋
13户,成都青城置信房地产开发有限公司,http://294864.fang.com/,9185,0套,置信芙蓉青城,青城前山山门南侧约800米,2009年建成,,联排,成都蜀信物业服务有限公司,2栋
1406户,中国铁建房地产四川有限公司,http://044282.fang.com/,34661,64套,西派国际,锦城大道1288号（锦城大道大道与剑南大道交汇处）,2016年建成,,板楼,中国铁建（北京）物业管理有限公司成都分公司,13栋
2037户,成都鸿懋投资有限责任公司,http://xilongwan028.fang.com/,13084,13套,玺龙湾,南熏大道一段侧320号（光华大道和南熏大道交汇处）,2016年建成,,板楼,合力物业,15栋
1710户,"
										,
									",http://ouchengtzl.fang.com/,26732,150套,桐梓林欧城,桐梓林南路7号,2009年建成,,板楼,四川鑫澜房地产开发有限责任公司,10栋
2373户,成都世茂房地产开发有限公司,http://yujinwansm.fang.com/,26781,93套,世茂玉锦湾,猛追湾横街188号,2014年建成,,板楼,世茂物业,20栋
980户,成都东方名园房地产有限公司,http://kangjun2028.fang.com/,23701,68套,康郡,锦华路二段36号,2007年建成,,板楼,四川忠信物业管理有限公司,27栋
3742户,上海绿地集团成都金牛房地产开发有限公司,http://lvdishijicheng.fang.com/,17603,117套,绿地世纪城,韦家碾一路24号,2016年建成,,塔楼,成都嘉诚新悦物业管理有限公司,18栋
2182户,成都武候房地产开发有限公司,http://guojihuayuan.fang.com/,17830,152套,国际花园,永丰路24号附1号,2004年建成,,板楼,合力物业,13栋
1854户,中铁八局集团成都中泰房地产开发有限公司,http://ruijingyichengzt.fang.com/,20247,87套,中铁瑞景颐城,培风村10组成飞大道383号,2014年建成,,板塔结合,成都耐心物业管理有限公司,8栋
109户,成都万华房地产开发有限公司,http://cuiyunling.fang.com/,22773,0套,麓山国际翠云岭,南延线麓山大道二段6号,2010年建成,,"独栋,叠拼",成都麓山物业管理有限公司,109栋
4027户,成都东立置业有限公司,http://dongliguojiguangchang.fang.com/,10944,68套,东立国际广场,羊子山路68号,2011年建成,,塔楼,东立物业,5栋
228户,成都泽瀚置业有限公司,http://zehanfengjing.fang.com/esf/,7496,0套,泽瀚峰景,电子路西延线,2012-01-01,,板塔结合,成都泽瀚物业服务有限公司,3栋
391户,保利地产,http://lafeizhuangyuanbl.fang.com/villa/,20281,2套,保利198拉斐庄园,北三环路蜀龙路,2011年建成,,独栋,保利物业,387栋
165户,成都中航阳光地产有限公司,http://yunlinggaoerfuzh.fang.com/villa/,10678,0套,中航云岭高尔夫别墅,云岭路（牧马山四川国际高尔夫球场附近）,2006年建成,,独栋,中航物业管理有限公司,163栋
200户,置信大华房产,http://liuchengyiyuanzx.fang.com/,9040,9套,置信柳城谊苑,两河路东段18号,2003年建成,,板楼,成都洁华物业管理有限公司,6栋
114户,成都中铁建投资有限公司,http://xipailananzgtj.fang.com/esf/,31027,0套,中国铁建西派澜岸,天府一街1566号 （剑南大道与天府一街交汇西侧）,2015-12-01,,塔楼,中铁建（北京）物业管理有限公司成都分公司,3栋
1536户,四川华阳建筑安装有限公司,http://yujingtaibl.fang.com/,16790,38套,保利御景台,正北下街168号,2005年建成,,板楼,宏庆物业,6栋
1980户,成都盛吉立房地产开发有限公司,http://zhuojincheng.fang.com/5/,21605,116套,卓锦城五期,国香街593号,2011年建成,,塔楼,成都家园物业管理公司,9栋
1573户,中房成都房地产开发有限公司,http://xuefuhaitangzf.fang.com/,11667,25套,中房学府海棠,天润路777号,2013年建成,,塔楼,中房物业管理,8栋
1046户,成都中普实业有限公司,http://yufuhuadu.fang.com/,19989,49套,御府花都,天泰路47号,2005年建成,,板塔结合,成都蓝光嘉宝易居物业管理有限公司,3栋
2804户,鑫苑置业（成都）有限公司,http://xinyuanmingjia.fang.com/2/,18663,55套,鑫苑名家二期,茶花街488号,2011年建成,,塔楼,小区物业,8栋
1564户,成都有为置业有限公司,http://zhengchenglafei.fang.com/,18819,75套,正成拉斐,金牛区兴科北路8号,2012年建成,,板塔结合,成都市中骏物业管理有限公司,10栋
540户,中国中铁八局集团房地产开发有限公司,http://aoweierzt.fang.com/2/,11213,0套,中铁奥维尔二期,梨园路一段528号,2013年建成,,塔楼,四川力宝企业管理有限公司,3栋
694户,成都市中天盈房地产开发有限公司,http://yufeng028.fang.com/,29911,58套,誉峰一期,万象南路360号（新益州城市广场西侧）,2018年建成,,板楼,广州市宁俊物业管理有限公司成都分公司,15栋
204户,中海信和（成都）物业发展有限公司,http://zhgjltbs.fang.com/,22813,4套,中海国际林汀别墅,碧林街533号,2008年建成,,联排,成都中海物业管理有限公司,32栋
2688户,上海盛源房地产（集团）有限公司,http://yiduguoji.fang.com/,20105,133套,逸都国际,长乐路456号,2011年建成,,板塔结合,盛源物业,10栋
1331户,成都飞大置业有限公司,http://xichenggongguan.fang.com/,18344,70套,西城公馆,一品天下大街339号,2010年建成,,塔楼,四川威尔斯物业有限公司,1栋
1162户,成都金强实业有限公司,http://yintan.fang.com/,11700,0套,银滩,南熏大道与杨柳西路交汇处（地铁4号线杨柳河站旁）,2015年建成,,板塔结合,成都住邦物业有限公司,4栋
1242户,蓝光集团,http://xiangruihu.fang.com/,13310,1套,香草国际,鹏程路1099号,2007年建成,,塔楼,成都嘉宝东方物业管理有限公司,7栋
1362户,成都兴元房地产开发有限公司,http://xingyuanhuasheng028.fang.com/,14847,0套,兴元华盛一期,荆竹南街266,2007年建成,,塔楼,鑫元物业,4栋
318户,成都远鸿房地产开发有限公司,http://xiangsongdao.fang.com/,19235,6套,香颂岛,花香街222号,2006年建成,,"联排,双拼",万盛物业,52栋
2669户,成都万科国宾置业有限公司,http://jinyuxilingwk.fang.com/,19056,106套,万科金域西岭,金牛金耀璐158号,2012年建成,,塔楼,成都万科物业服务有限公司,27栋
2480户,四川嘉祥房地产开发有限公司,http://dushijiayuanyc.fang.com/,21172,56套,育才都市家园,晨辉路166号,2004年建成,,塔楼,忠信物业公司,23栋
3549户,成都融创置地有限公司,http://nanhuyijiarc.fang.com/,17657,2套,融创南湖逸家,剑南大道延线（南湖公园附近）,2017年建成,,塔楼,成都国嘉物业管理有限公司,22栋
940户,成都荣富房地产开发有限公司,http://xichengshangjinrf.fang.com/,22915,18套,荣富西城尚锦,光华大道一段光华东三路580号 (大公园旁）,2015年建成,,板塔结合,成都金房物业服务有限公司,7栋
1462户,成都青羊蓝光和骏置业有限公司,http://cocomichenglg.fang.com/,25611,37套,蓝光COCO蜜城,内光华贝森路(宽庭公园旁）,2014年建成,,塔楼,蓝光嘉宝物业管理有限公司,7栋
1408户,绿地集团,http://giczhongyangguangchangld.fang.com/,27293,2套,绿地GIC成都中央广场,二环路南一段20号（科华中路）,2016年建成,,塔楼,成都嘉诚新悦物业管理有限公司,3栋
3632户,"成都武侯中泓房地产开发有限公司 , 成都武侯正惠房地产开发有限公司",http://jinshuangnanlg.fang.com/,13624,1套,蓝光金双楠,西三环外永康路（武侯西南医院对面）,2016年建成,,塔楼,蓝光嘉宝物业服务公司,16栋
240户,香港九龙仓集团,http://yongjinhuijlc.fang.com/esf/,24653,8套,九龙仓擎天半岛,东大街锦东路399号（牛市口派出所旁）,2013-01-01,,塔楼,九龙仓物业管理公司,3栋
1525户,中房成都房地产开发总公司,http://jinniuhuayuan.fang.com/,14523,6套,金牛花园,黄金路222号,2009年建成,,板楼,中房聚朋物业,7栋
696户,成都诚裕房地产开发有限公司,http://liuxiliyuanzs.fang.com/,12030,30套,宗申流溪丽园,长江路一段8号,2007年建成,,板楼,成都红谷物业管理有限公司,20栋
1680户,成都人居置业有限公司,http://tianfumingju.fang.com/,16880,120套,天府名居,天顺路66号（消防总队对面）,2006年建成,,板楼,成都润锦城物业管理有限公司,11栋
1325户,成都金融城投资发展有限责任公司,http://rongjincheng.fang.com/,11997,37套,融锦城,羊子山路88号（洪山路与驷马桥路交叉口处）,2014年建成,,板塔结合,成都花园物业管理公司,5栋
1090户,四川瑞通（香港独资）实业发展有限公司,http://shuangnanmingcheng.fang.com/,16243,76套,双楠名城,永盛北街1号,2003年建成,,板楼,四川铭瑞物业管理有限公司,22栋
2275户,成都市一方投资有限公司,http://hailunguoji028.fang.com/,12208,0套,海伦国际,电子路172号（博海路和电子路交汇处）,2016年建成,,板楼,广东中颐物业,6栋
896户,上海绿地集团成都申蓉房地产开发有限公司,http://ldgjhdsq.fang.com/,10779,106套,绿地国际花都一期,西四环蜀都新城创智东二路68号,2015年建成,,塔楼,绿安物业,5栋
3024户,成都金河谷置业有限公司,http://ruitaizhuangyuan.fang.com/esf/,14383,0套,世豪金河谷五期,光华大道三段涌泉镇191号(春天阳光酒楼旁),2016-1-01,,"板楼,塔楼",世豪新瑞集团,18栋
652户,成都旭阳房地产开发有限公司,http://yueguangchengpin.fang.com/,18081,40套,月光诚品,武侯大道双楠段100号,2011年建成,,板塔结合,四川忠信物业管理公司,4栋
576户,成都交通投资集团有限公司,http://xinnanzhongxin.fang.com/zhuzhai/,20903,16套,新南中心,都会路55号,2014年建成,,塔楼,小区物业,1栋
514户,成都华业物业发展有限责任公司,http://xinbiyuan2.fang.com/,14433,3套,新碧园,大件路白家段17号（白家车管所侧）,2014年建成,,板塔结合,成都华益物业管理有限责任公司,6栋
1854户,成都中鹏房地产开发有限公司,http://weiyenahuayuantianlai32.fang.com/,8780,14套,维也纳花园,马超东路2号,2009年建成,,塔楼,中林物业,14栋
738户,成都中铁二局宏源房地产综合开发有限公司,http://hemujiayuan.fang.com/,17256,24套,和睦人家一期,金房苑东路1号,2002年建成,,板楼,成都中铁宏源物业管理有限公司,15栋
858户,四川聚仁房地产有限公司,http://xiyanjinxiu.fang.com/,17090,21套,西延锦绣,蜀明西路2号,2003年建成,,板楼,小区物业,10栋
370户,四川省红帆房地产开发有限公司,http://fenglinjiarihf.fang.com/,15966,19套,红帆风林假日,蜀西路20号,2004年建成,,板楼,成都尚品物业,12栋
328户,九州地产,http://jinsegangwanjz.fang.com/,7310,0套,九州金色港湾,凤祥大道78号（成绵高速青白江出入口200米处，国税局旁）,2013年建成,,"板楼,塔楼",九州物业,2栋
1620户,成都鑫苑万卓置业有限公司,http://nanhuxinyuanxinjia.fang.com/,17104,21套,南湖鑫苑鑫家,天府新区牧华路口,2016年建成,,塔楼,鑫苑物业,6栋
660户,成都利贞实业有限公司,http://xiangyangmingyuan.fang.com/,9668,13套,向阳茗苑,凤溪大道中段198号,2003年建成,,板楼,安居物业,29栋
95户,成都金强实业有限公司,http://liulangwanjq.fang.com/,6927,0套,金强柳浪湾,柳南一路93号,2007年建成,,板楼,小区物业,5栋
540户,"
										,
									",http://shangfengruiting.fang.com/,10035,21套,上风瑞庭,花土路69号,2004年建成,,板楼,小区物业,7栋
1525户,润扬房产,http://xuefujiayuan028.fang.com/,10260,34套,学府嘉苑,长江路三段6号,2007年建成,,板楼,成都朋友物业管理有限公司,31栋
2603户,成都市新华能实业有限公司,http://shangganglingdi.fang.com/,11868,1套,尚港领地,西航港经济开发区长城路2段333号（锦丽园别墅旁）,2014年建成,,板塔结合,成都平安物业有限责任公司,8栋
1230户,成都市腾启房地产开发有限公司,http://suoerlongzhou.fang.com/,9056,3套,索尔龙舟,静渝路2号,2012年建成,,塔楼,香港戴德梁行物业管理公司,1栋
746户,成都天祥房地产开发有限公司,http://shahebeian.fang.com/,12451,17套,沙河北岸,双荆路8号（青冈路与双荆路交汇处）,2006年建成,,板楼,成都天顺物业管理有限责任公司,11栋
875户,四川合力房地产开发有限公司,http://bakelarsl.fang.com/,11389,14套,榕树岭,南熏大道三段69号,2011年建成,,塔楼,香港悦华置地,4栋
2户,成都万华新城发展股份有限公司,http://luhuchenxianggu.fang.com/,34356,0套,麓湖生态城沉香谷,天府大道南一段（麓湖生态城）,2015年建成,,独栋,成都麓山物业管理有限公司,1栋
1690户,成都银传投资有限公司,http://tianxiang.fang.com/,23780,17套,朗基天香,天府五街488号,2016年建成,,塔楼,成都朗基房地产项目投资管理有限公司,7栋
888户,四川启明星房地产开发有限公司,http://qiminghuayuan.fang.com/,8295,65套,启明花园,犀团路441号,2003年建成,,板楼,成都恒安五洲物业管理公司,31栋
85户,上海绿地集团成都锦江房地产开发有限公司,http://lvdijintianfubieshu.fang.com/,22898,1套,绿地锦天府别墅,通盈路88号,2013年建成,,叠拼,成都嘉诚新悦物业管理有限公司,27栋
1568户,蓝光集团,http://languangxiangjing.fang.com/,16366,27套,蓝光香境,凤凰北大街666号,2008年建成,,塔楼,嘉宝物业,34栋
872户,精诚房产,http://lingxiudujiang.fang.com/,9390,0套,岭秀都江,文荟路107号,2010年建成,,板楼,英联华（香港）物业顾问有限公司,5栋
2831户,龙湖地产,http://sanqianchenglh.fang.com/,26598,164套,龙湖三千城,二环路东二段1号,2010年建成,,塔楼,成都龙湖物业服务有限公司,9栋
1884户,成都锦城佳业房地产开发有限公司,http://lijinggongguanjzy.fang.com/,12935,9套,佳兆业丽晶公馆,光华大道同兴东路（地铁4号线伊藤旁）,2016年建成,,塔楼,成都佳兆业物业管理有限公司,3栋
1113户,成都晶宝实业有限公司,http://weijiniyajb.fang.com/,10164,45套,晶宝维吉尼亚,广场路北二段101号,2012年建成,,塔楼,成都富雅物业服务有限公司,4栋
778户,成都旭和盛房地产开发有限公司,http://jinnanbinfen.fang.com/,16644,2套,金楠缤纷,武侯区顺兴路(簇锦派出所旁边),2015年建成,,板塔结合,成都佳祥物业管理有限公司,4栋
1025户,成都金河谷置业有限公司,http://jinhegu.fang.com/,14643,75套,金河谷一期,温江凤凰北大街18号,2010年建成,,板楼,成都世豪新瑞物业服务有限公司,6栋
630户,成都弘坊置业有限责任公司,http://wantonggewaijd.fang.com/,12822,77套,交大万通格外,董家湾南街8号,2011年建成,,塔楼,成都交大智能物业管理有限公司,3栋
304户,"
										,
									",http://jinshashunyuan.fang.com/,24810,4套,金沙顺苑,金鹏街29号,2005年建成,,塔楼,成都长顺房屋开发有限责任公司,5栋
130户,"
										,
									",http://hangtiandayuan.fang.com/,6737,4套,航天大院,温江区航天路75号,1996年建成,,板楼,小区物管,6栋
滨河路西江河畔,"
										,
									",http://shuilianyiyj.fang.com/,9187,0套,愿景水涟漪,8栋,板楼,,1103户,四川愿景实业有限公司,四川景瑞房产经营管理有限公司
2350户,成都政建置业有限公司,http://haikemingcheng.fang.com/,10394,133套,海科名城,海科路1号(西南财经大学柳林校区附近）,2011年建成,,塔楼,成都海科物业管理公司,18栋
90户,兴诚鑫置业有限公司,http://shuxiangbieyuanxc.fang.com/,7439,0套,兴诚书香别院,菁华路116号（凤凰湖湿地公园对面）,2011年建成,,板楼,兴诚鑫物业管理有限公司,4栋
168户,康居地产,http://waihuachengxiaoqu.fang.com/,12865,5套,外化成小区,二环路西三段80号,1998年建成,,板楼,小区物管,6栋
936户,成都棠湖屋业发展有限公司,http://bolinxiaozhenth.fang.com/,10026,8套,棠湖泊林小镇,德通桥路28号,2007年建成,,板楼,成都泓济物业管理有限责任公司,25栋
84户,四川中锐置业有限公司,http://995026.fang.com/,6629,0套,山水丽都,岷江大道888号（余波桥街口）,2015年建成,,板塔结合,成都新津望阳物业有限公司,5栋
2232户,成都蜀信实业有限公司,http://shijiguanghua.fang.com/,10155,115套,世纪光华,花都大道888号,2008年建成,,塔楼,森鸿物业管理有限公司,13栋
12户,成都英华运动休闲产业开发有限公司,http://bailuzhouqc.fang.com/zhuzhai/,6243,0套,青城白鹭洲,豪生路2号,2001年建成,,板楼,香港浩盈物业管理有限公司,1栋
2222户,成都人居置业有限公司,http://dushiyangguangrj.fang.com/,11389,67套,人居都市阳光,航空路西段68号,2010年建成,,板塔结合,成都润锦城实业有限公司,15栋
2294户,四川通惠房地产开发有限责任公司,http://qicaihuadu.fang.com/2/,11856,33套,七彩花都二期,花都大道西段588号,2006年建成,,板楼,成都仁和春天物业管理有限公司,18栋
462户,成都蜀源房地产开发有限公司,http://qimingxiyuan.fang.com/,14737,14套,启明西苑,蜀汉路346号13、14栋,2000年建成,,板楼,小区物业,2栋
8400户,成都齐力房地产开发公司,http://qilihuayuan2.fang.com/,17637,64套,齐力花园,青羊大道318号,2001年建成,,板楼,成都市嘉怡物业管理有限责任公司,72栋
1103户,成都万科倍富置业有限公司,http://langrunyuanwk028.fang.com/,14001,93套,万科朗润园,凤凰北街21号,2007年建成,,板楼,成都万科物业管理有限公司,3栋
784户,"
										,
									",http://tianshengluxiaoqu.fang.com/,8447,0套,天生小区,龙泉天生路192号,2002年建成,,板楼,天盛物业,19栋
2517户,成都品元投资管理有限公司,http://linxikangcheng.fang.com/esf/,7888,0套,林溪康城,同安街办（阳光城）幸福大道（国一澳乡别墅南侧）,2017-12-01,,塔楼,法士达物业,8栋
196户,成都龙湖西锦置业有限公司,http://yuanzhulh.fang.com/,27671,0套,龙湖源著别墅,金牛区两河西三路,2016年建成,,"独栋,双拼,叠拼,空中别墅",成都龙湖物业服务有限公司,4栋
600户,龙光地产控股有限公司（成都市龙光金骏置业有限公司）,http://junyuehuatinglg028.fang.com/,10192,1套,龙光君悦华庭,蜀都新城中信大道顺河路口（中信未来城南侧）,2016年建成,,塔楼,广东龙光集团物业管理有限公司成都分公司,3栋
542户,成都蓝润航瑞置业有限公司,http://guanghuachuntianlr.fang.com/esf/,8515,0套,蓝润光华春天,光华新城凤凰北大街与江宁路交汇处,2017-12-01,,板塔结合,四川远鸿物业管理有限公司,2栋
344户,成都皇朝置业有限公司,http://lankawei.fang.com/,7057,0套,兰卡威,二环外侧走马河畔（安达路）,2011年建成,,板楼,重庆鸿山物业管理有限公司,5栋
246户,成都新都蓝光房地产开发有限公司,http://huamantinglg.fang.com/3/,13264,1套,蓝光花满庭三期,三环路北新干道东（大天路旁）,2016年建成,,塔楼,蓝光嘉宝物业管理有限公司,2栋
13户,都江堰市青城旅游开发有限责任公司,http://jiariqingcheng.fang.com/villa/,10120,0套,假日青城别墅,白鹤路3号,2012年建成,,联排,中铁二局物业管理公司,2栋
1915户,成都同森锦城投资有限公司,http://jianawan.fang.com/4/,16705,15套,戛纳湾金棕榈,剑南大道南端（欧尚斜对面）,2016年建成,,板塔结合,飞森物业,8栋
671户,成都福睿金沙置业有限公司,http://lanshengjinsha.fang.com/,24514,78套,揽胜金沙,清江西路90号,2011年建成,,塔楼,成都维宇物业发展有限公司,1栋
2374户,"成都望丛房地产开发有限公司 , 成都新达远房地产开发有限公司",http://longnianguojizhongxinhyn.fang.com/,9474,0套,花样年龙年国际中心,郫花路299号（郫花路与关柏路交汇处）,2015年建成,,"板楼,板塔结合",花样年彩生活物业公司,9栋
1219户,上海绿地集团成都公司,http://haipoxiangting.fang.com/,18014,90套,海珀香庭,红牌楼路1号,2010年建成,,板楼,第一太平戴维斯,4栋
1176户,成都宏达众成房地产开发有限公司,http://shijilijinghd.fang.com/,13800,0套,宏达世纪丽景,双华路4段688号（三江公园旁）,2015年建成,,板塔结合,四川宏达世纪物业服务有限公司,7栋
5058户,四川名著房地产开发有限公司,http://chengduheyuan.fang.com/3/esf/,10608,1套,成都合院公园里,西源大道1313号（电子科大清水河校区南大门旁）,2016-12-01,,板塔结合,成都名著物业管理有限公司,18栋
276户,成都睿科房地产开发有限责任公司,http://gelincheng.fang.com/esf/,15567,0套,格林城,长顺大道一段（长顺家园旁）,2017-06-01,,"板楼,板塔结合",成都双流百信物业管理有限责任公司,4栋
200户,成都星慧置业有限公司,http://ouxiangxiaozhen.fang.com/,16146,4套,欧香小镇别墅,剑南大道南段669号,2010年建成,,"联排,双拼",成都市智申物业管理有限公司,51栋
912户,"
										,
									",http://chengshilvzhou028.fang.com/,14252,58套,城市绿舟花园,长庆路1号,2004年建成,,板楼,成都利达房地产开发公司,18栋
462户,成都市明阳房地产开发有限公司,http://jiazaihuilangmy.fang.com/,16028,35套,明阳家在回廊,蜀汉路367号,2004年建成,,板楼,成都尚品物业,8栋
1275户,成都金辉居业置业有限公司,http://jinhuiyuefu028.fang.com/,12405,3套,金辉悦府,百草路7号（西芯大道与迪康大道交界处）,2015年建成,,塔楼,北京金辉锦江物业服务有限公司成都分公司,7栋
2076户,成都致诚置业有限公司,http://balidushi028.fang.com/,14297,8套,巴黎都市,机场路近都段77号（西南化工设计院旁）,2015年建成,,板塔结合,嘉秀物业,7栋
1562户,四川大亨实业发展有限公司,http://qinglongwancj.fang.com/,8219,24套,春江青龙湾,春江南路168号,2011年建成,,塔楼,成都同盛物业公司,19栋
416户,保利成都实业有限公司,http://ziweihuayubl.fang.com/,13388,0套,保利紫薇花语,大面街道车城西三路以西、经开区南一路以南(川师成龙校区旁),2016年建成,,塔楼,保利物业成都分公司,2栋
1654户,成都鑫港房地产开发有限公司,http://juelingoucheng.fang.com/esf/,11478,11套,爵领欧城,蜀龙大道三河场口（保利公园198旁）,2016-05-01,,塔楼,成都天天佳物业服务有限公司,7栋
706户,成都利贞实业有限公司,http://yinchenghuashujian.fang.com/,4358,0套,寿安银城,寿安段生态大道876号（寿安镇附近）,2009年建成,,板楼,宏鹏物业,5栋
725户,成都华翊龙房地产开发有限公司,http://zhongyangluzhoujf.fang.com/,25287,27套,建发中央鹭洲,南华路188号（天府二街与荣华北路交汇处）,2015年建成,,塔楼,怡家园物业管理有限公司,5栋
882户,成都市嘉锦置业有限公司,http://jianianhuayufu.fang.com/,15883,9套,嘉年华国际社区,天府大道旁老成仁路77号（远大都市风景旁）,2014年建成,,板塔结合,四川威德物业有限公司,5栋
708户,成都华翊龙房地产开发有限公司,http://feicuiluzhoujf.fang.com/,22603,1套,建发翡翠鹭洲,成都市高新区天府四街与南华路交界处,2016年建成,,塔楼,怡家园物业管理有限公司,3栋
272户,成都金房集团有限公司,http://jinfangxingzuo.fang.com/,19951,0套,金房星座,金房苑东路69号,2003年建成,,板楼,成都金房集团有限公司,1栋
1188户,蓝光集团,http://kailibinjiang.fang.com/,19906,40套,凯丽滨江,天环街680号,2009年建成,,板楼,成都嘉宝东方物业管理有限公司,4栋
193户,"
										,
									",http://jinqianghuisuo.fang.com/,7357,0套,金强会所花园,柳城镇二支道,2005年建成,,板楼,温江金强住邦物业,17栋
349户,成都市兴益房地产开发有限公司,http://jinliyuan028.fang.com/,13511,1套,锦丽园,长城路二段228号,2007年建成,,联排,成都锦丽园物业管理公司,215栋
368户,成都和谐房地产,http://jinjuhuayuan.fang.com/,14639,19套,金桔花园一期,交大路186号,2000年建成,,板楼,成都华居物业管理有限公司,9栋
474户,华都控股.四川华都置业有限公司,http://xinggongguanhd028.fang.com/,12459,17套,华都星公馆,武青南路10号（与武青东二路交口）,2004年建成,,板楼,四川华都置业有限公司,7栋
204户,成都北大资源地产有限公司,http://xishanyuebdzy.fang.com/,9573,0套,北大资源溪山樾,成都市新津县牧马山花源镇（雪源山庄附近）,2015年建成,,"联排,独栋",北大资源物业管理有限公司,41栋
25户,成都金河谷置业有限公司,http://jinhegubieshu.fang.com/,15853,1套,金河谷别墅,温江凤凰北大街18号,2010年建成,,独栋,成都世豪新瑞物业服务有限公司,9栋
1068户,成都国嘉志得置业有限公司,http://076564.fang.com/,23056,36套,锦江逸家,南三环一段(四海公园旁),2015年建成,,塔楼,四川省国嘉物业服务有限公司,6栋
2124户,中海兴业（成都）发展有限公司,http://longwanbandaozh.fang.com/,25092,177套,中海龙湾半岛,龙腾中路8号,2009年建成,,板塔结合,成都中海物业管理有限公司,9栋
1457户,龙昌综合开发（成都）有限公司,http://shidaixiaozhenjlc.fang.com/,14072,31套,九龙仓时代小镇,双楠大道与绕城高速交界处（新双楠奥特莱斯旁）,2016年建成,,板楼,九龙仓物业管理公司,24栋
1753户,"
										,
									",http://baigedaoshang.fang.com/,14495,117套,白鸽岛尚,蜀西南三路19号,2008年建成,,板楼,成都市瑞阳房地产开发公司,9栋
288户,成都华弥置业有限公司,http://huamulin.fang.com/,11423,3套,花木林,万寿路26号（机投小学右侧）,2006年建成,,板楼,成都华弥置业有限公司,2栋
840户,成都兴千业房地产开发有限公司,http://bishuixinju.fang.com/,7564,2套,碧水馨居,柳城新南路218号,2006年建成,,板楼,嘉丽来物业,13栋
1955户,成都长城实业集团有限公司,http://youkelianbang.fang.com/3/,22419,120套,优客联邦三期,武侯区长城西一路39号,2012年建成,,板塔结合,和诚梵景,6栋
414户,中海兴业（成都）发展有限公司,http://zhonghaibuluoge.fang.com/,13874,1套,中海部落阁,泰和二街371号,2011年建成,,塔楼,中海兴业（成都）发展有限公司,1栋
2356户,四川温资房地产开发投资有限公司,http://wengehuahuayuan.fang.com/4/,14255,2套,温哥华花园四期,机场路常乐路二段52号,2013年建成,,塔楼,四川温资物业管理有限公司,25栋
174户,成都西南航空房地产开发有限责任公司,http://yiyuanxiangshe.fang.com/,9906,0套,逸源香舍,双流牧马山云岭路6号,2008年建成,,独栋,成都家园物业管理公司,156栋
885户,成都新筑鸿鹄置业有限公司,http://033134.fang.com/,10931,0套,新筑巴伦西亚鼎峰,希望东路99号（龙王渡小区旁）,2016年建成,,板塔结合,成都全程物业服务有限公司,8栋
10284户,成都中冶堰景置业有限公司,http://zhongyeyanjing.fang.com/,7613,0套,中冶堰景,彩虹大道北段348号,2010年建成,,板楼,成都成沁,30栋
1080户,蓝光发展,http://shengfeiyuechenglg.fang.com/,13325,1套,蓝光圣菲悦城,大件路与黄河中路二段交汇处（四川大学江安校区学生东园旁）,2017年建成,,板塔结合,蓝光嘉宝物业管理有限公司,5栋
2447户,四川同泰置地有限责任公司,http://guojishequysw.fang.com/,6078,2套,源上湾国际社区,北新干道毗河畔（香城大桥旁）,2016年建成,,板塔结合,同泰物业,13栋
1户,成都万华新城发展股份有限公司,http://heizhenzhulhstc.fang.com/,60387,0套,麓湖生态城黑珍珠,天府大道南一段麓湖生态城,2013年建成,,独栋,成都麓山物业管理有限公司,1栋
496户,成都蓝润创汇置业有限公司,http://vkedongqulr.fang.com/,20483,1套,蓝润V客東区,建设南路与建设南支路交汇处(东郊记忆旁),2016年建成,,塔楼,四川远鸿物业管理有限公司,2栋
1584户,成都汉邦置业有限责任公司,http://chengduyizhen.fang.com/,6143,1套,成都一镇,成金青快速通道（泰兴镇政府对面）,2014年建成,,塔楼,成都欣欣物业服务有限公司,7栋
910户,四川省博远置业有限责任公司,http://shangcengjianzhu028.fang.com/,18174,18套,上层建筑,蜀汉路426号,2008年建成,,塔楼,第一太平戴维斯,1栋
484户,"
										,
									",http://chengshibokeyangguangli.fang.com/,19208,30套,城市博客阳光里,安蓉路139号,2009年建成,,板塔结合,成都市兴蓉投资有限公司,2栋
904户,蓝光集团,http://fulichenglg.fang.com/,15532,16套,蓝光富丽城,二环路北三段245号,2005年建成,,板楼,嘉宝物业,5栋
1144户,四川源锋房地产开发有限公司,http://shuipanjingdian.fang.com/,19799,25套,水畔经典,驷马桥路14号,2009年建成,,塔楼,人聚天源物业,6栋
1017户,成都新剑创房地产开发有限公司,http://qilixixiang.fang.com/,6334,0套,七里溪香,同华大道177号,2010年建成,,板楼,小区物业,5栋
961户,招商（蛇口）成都房地产开发有限责任公司,http://shouzuo028.fang.com/,20686,52套,首座,人民南路四段48号,2010年建成,,板楼,成都上实锦绣管理有限公司,3栋
838户,利通房产,http://shangyoushuianlt.fang.com/,12833,19套,利通上优水岸,长江路一段2号,2006年建成,,板楼,成都合力物业管理有限公司,9栋
1452户,成都市华兴房屋开发公司,http://cuiyongtiandi.fang.com/,14408,15套,翠拥天地,双流县华府大道一段1009号,2005年建成,,板楼,成都加成物业管理有限公司,61栋
1550户,成都佳州房地产开发有限公司,http://linglongjun.fang.com/,18429,92套,玲珑郡,金履四路58号,2012年建成,,塔楼,北京有彬物业（成都）分公司,8栋
408户,成都万伦房产开发有限公司,http://liquanjiangnan.fang.com/,10864,6套,丽泉江南,北泉路459号,2003年建成,,板楼,成都万伦物业有限公司,17栋
1456户,成都嘉汇置业有限公司,http://zhangjuyuanjd.fang.com/,11067,17套,交大樟菊园,犀浦校园路820号,2014年建成,,塔楼,四川华纬物业有限公司,8栋
143户,成都市兴盛房屋开发公司,http://lanyuanyaju.fang.com/,43805,9套,兰苑雅居,大华街6号（龙欣路与大华街交界处）,2003年建成,,板楼,金港物业,3栋
110户,新西兰康居锦湾（成都）房地产开发有限公司,http://tianjiaoxingchengkj.fang.com/,7400,0套,康居天骄星城,青白江区文汇路28号,2011年建成,,板楼,成都乾坤物业管理公司,2栋
890户,中房集团成都房地产开发总公司,http://runxinhuayuan.fang.com/2/,13979,29套,润新花园二期,高新区新义路3号,2000年建成,,板楼,中房物业管理,18栋
1460户,四川长信置业有限公司,http://jinseyufu.fang.com/2/,12480,29套,金色鱼凫,柳林路158号,2011年建成,,塔楼,金辉物业,8栋
604户,岷江新希望房地产开发有限公司,http://qinshuiwanjglc.fang.com/,15350,66套,锦官丽城亲水湾,新希望大道二段158号,2006年建成,,板楼,锦官新城物业管理公司,17栋
2160户,四川长丰置业,http://hongyunzhixing.fang.com/,11590,40套,鸿运之星,蜀清路239号,2007年建成,,板楼,恒安五洲物业管理有限公司,4栋
8928户,四川蓉锦东房地产开发有限公司,http://jindongtingyuan.fang.com/,20726,20套,锦东庭园,大凉山路和安宁河路交汇处,2013年建成,,塔楼,蜀府物业,15栋
806户,海亮地产,http://aijinshahl.fang.com/,20911,1套,海亮爱金沙,蜀鑫路与公园路交汇处（华润·金悦湾旁）,2016年建成,,塔楼,海亮物业,6栋
1920户,中海信和（成都）物业发展有限公司,http://zhgjsqcj.fang.com/3/,19378,103套,中海国际社区橙郡三期,碧林街99号,2007年建成,,塔楼,中海物业管理公司,9栋
1570户,四川新希望实业有限公司,http://huangguanguoji2028.fang.com/,18145,5套,皇冠国际,西芯大道一号（羊西线沿线）,2015年建成,,板楼,四川鼎晟资产管理有限责任公司,24栋
652户,成都中港置业有限公司,http://zhonggangccpark.fang.com/,17786,0套,中港CCPARK,二环琉璃路口（东湖公园旁）,2017年建成,,板塔结合,仲量联行,10栋
988户,成都武海置业有限公司,http://zhonghuajiayuan.fang.com/,19619,49套,中华家园西区,家园路17号,2005年建成,,板楼,成都创艺物业有限公司,28栋
378户,炎华置信,http://shuangnanyiyuan.fang.com/2/,16987,23套,双楠谊苑二期A区,置信北街8号,2000年建成,,板楼,蜀信物业公司,10栋
1640户,中铁八局集团房地产开发有限公司,http://shuanglongwanzt.fang.com/,20073,51套,中铁双龙湾,清水滨河路788号,2008年建成,,塔楼,鑫天禹物业公司,5栋
2936户,成都中新锦泰房地产开发有限公司,http://gongyuandadao028.fang.com/,12902,200套,中新公园大道,清泉北街66号,2012年建成,,板塔结合,宏鹏物业,15栋
780户,成都御源置业有限公司,http://yidoucheng.fang.com/,13185,0套,驿都城,驿都大道中路900号（龙泉驿世纪广场旁）,2016年建成,,板塔结合,成都千禾物业服务有限公司,3栋
2054户,成都博瑞房地产开发有限公司,http://youpindao.fang.com/2/,26485,10套,优品道二期,青羊大道99号,2010年建成,,塔楼,成都博瑞物业管理有限公司,14栋
1054户,成都心怡房地产开发有限公司,http://chengnanzuoanhuadou.fang.com/,15377,70套,左岸花都,华府大道一段6号,2003年建成,,板楼,银都物业,28栋
1580户,四川是钢实业有限公司,http://xiangruihu028.fang.com/,14384,81套,香瑞湖,鹏程路1099号,2007年建成,,联排,蓝光嘉宝物业,41栋
1149户,四川弘房地产集团有限公司,http://xinbeixiaoqu.fang.com/,11937,17套,新北小区,新乐北巷2号,2000年建成,,板楼,小区物业,19栋
651户,成都市天宝房地产开发有限公司,http://lvyangxincun.fang.com/,16000,35套,绿杨新邨,蜀汉路490号,2002年建成,,塔楼,绿杨邨物业管理公司,7栋
735户,成都武海置业有限公司,http://zhonghuamingyuan.fang.com/,17487,36套,中华名园一期,顺和路12号,2006年建成,,塔楼,成都创艺物业管理有限公司,8栋
990户,成都市浩林实业发展公司,http://jinlinjunjing.fang.com/,20222,95套,金林俊景,武阳大道338号,2009年建成,,板楼,银林物业,5栋
2946户,绿地集团成都新都置业有限公司,http://lvdicheng028.fang.com/,11654,0套,绿地城,北3.5环北新干线与天丰路交汇处（北新大道右侧）,2016年建成,,塔楼,长城物业集团股份有限公司,12栋
1198户,"
										,
									",http://jinshaxiyuan028.fang.com/4/,24603,121套,金沙西园四期,金鹏街109号,2009年建成,,塔楼,成都天拓置业发展有限公司,8栋
650户,成都高新蓝光和骏置业有限公司,http://languanggongguan1881.fang.com/,24985,40套,蓝光公馆1881,神仙树盛和三路89号,2013年建成,,板楼,嘉宝物业,11栋
429户,四川力合房产开发有限公司,http://liheshangyuzhongyang.fang.com/,6785,0套,力合上域中央,新河路166号,2002年建成,,板楼,安居物业,3栋
1079户,成都新世宇有限公司,http://shuangnanerqu.fang.com/,13114,51套,双楠二区,双楠街259号,1998年建成,,板楼,小区物管,12栋
616户,天友发展有限公司,http://shuangnanyingxiang.fang.com/,15589,33套,双楠映象,武侯大道双楠段128号,2009年建成,,板塔结合,四川忠信物业管理有限公司,6栋
198户,成都亚新置业股份有限公司,http://xinningju.fang.com/,15400,2套,馨宁居,蜀兴东街1号,2000年建成,,板楼,成都金房物业管理有限公司,4栋
48户,成都武海置业有限公司,http://xiuyuanzhy.fang.com/,20010,7套,中华园二期,桐梓林东路5号,2004年建成,,板楼,成都创艺物业管理有限公司,3栋
1170户,龙湖地产,http://cuiweiqingbo.fang.com/,24268,149套,龙湖翠微清波A区,金福路419号,2007年建成,,板楼,重庆新龙湖物业管理有限公司,8栋
340户,四川纪风房地产开发有限公司,http://chengnanchuntian028.fang.com/,14112,0套,城南春天,朝阳路220号,2004年建成,,板楼,安居物业,11栋
929户,保利（成都）房地产开发有限公司,http://jinhulinyubl.fang.com/,25490,10套,保利锦湖林语,石羊场路99号 (新锦城湖畔天府石室中学旁),2017年建成,,板塔结合,保利物业,15栋
1257户,四川金农集团有限公司,http://chaoyanghuayuan028.fang.com/,16209,90套,超洋花园,超洋路１号(西南民族大学对面),2000年建成,,板楼,美满物管,10栋
556户,成都数码广场物业管理有限公司,http://baikejun.fang.com/,13158,17套,佰客郡,机场路常乐2段111号（温哥华对面）,2011年建成,,板塔结合,小区物业,3栋
531户,成都市投资公司房地产开发公司,http://lansekongjian.fang.com/,15530,23套,蓝色空间,长兰路1号,2003年建成,,板楼,成都爱地阳光物业管理有限公司,15栋
832户,四川瑞升实业集团有限公司,http://shuiyunhuadu028.fang.com/,11464,9套,水云花都,藏卫路北二段1号,2005年建成,,板楼,瑞德物业有限公司,23栋
4254户,四川蜀鑫投资有限公司,http://dongfangtiandilg.fang.com/,16687,9套,蓝光东方天地,崔家店路52号,2015年建成,,板塔结合,蓝光嘉宝物业管理有限公司,10栋
491户,成都筑成投资开发有限公司,http://xingyushuangcheng.fang.com/2/,12579,1套,星语双城二期,武青北路8号,2009年建成,,塔楼,小区物业,3栋
1814户,成都博瑞房地产开发有限公司,http://dushihuayuanbr.fang.com/,25305,114套,博瑞都市花园,青羊大道101号,2004年建成,,板楼,成都博瑞物业管理有限公司,30栋
370户,成都市加贝置业有限责任公司,http://huiguixiansn.fang.com/,15348,31套,双楠回归线,武侯大道双楠段36号,2003年建成,,板楼,成都回归物业管理有限公司,2栋
300户,恒全置业,http://yinxingguangchangzt.fang.com/,8336,0套,中铁银杏广场,红光镇广场路北三段（成都技师学院旁）,2015年建成,,板塔结合,成都三朴物业管理有限公司,1栋
2058户,四川正达房地产开发有限公司,http://beiouyinxiang.fang.com/,12432,53套,北欧印象,育英路与清源路交汇处（新都区政府办公大厅旁）,2014年建成,,塔楼,和佳物业公司,11栋
1496户,新加坡盛吉立地产有限公司,http://zhuojincheng.fang.com/2/,18312,156套,卓锦城二期,国香街188号,2008年建成,,塔楼,家园物业,23栋
438户,中海信和(成都)物业发展有限公司,http://xianzhgj.fang.com/,21149,18套,中海国际社区熙岸,碧林街577号,2009年建成,,板楼,成都中海物业管理有限公司,11栋
1094户,成都武海置业有限公司,http://zhonghuamingyuan.fang.com/3/,18297,67套,中华名园三期C区,顺和横街28号,2010年建成,,板楼,成都创艺物业管理有限公司,4栋
455户,"
										,
									",http://zidongrunyuan.fang.com/,11496,2套,紫东润院,成双大道南段1920号,2008年建成,,板楼,小区物管,4栋
1864户,成都融创置地有限公司,http://sihaiyijia028.fang.com/,38123,53套,四海逸家三期,牡丹街（绿轴公园旁）,2013年建成,,板楼,四川国嘉物业管理有限公司,6栋
34户,成都万禾旅游投资有限公司,http://qingchengyijing.fang.com/,7106,0套,青城逸景,玉堂镇水泉村八组,2012年建成,,"联排,独栋",成都万禾旅游投资有限公司,4栋
415户,四川瑞升实业集团有限公司,http://ruishenghuayuan.fang.com/,16199,52套,瑞升花园,芳草街36号,2002年建成,,板楼,成都瑞德物管公司,9栋
780户,成都市晓初物业有限公司,http://boyaxincheng028.fang.com/,10358,17套,博雅新城B区,滨河路一巷55号,2011年建成,,"板楼,塔楼",成都市晓初物业管理有限公司,19栋
192户,成都安立普房地产开发有限公司,http://konggangxiaoyuanhuayu.fang.com/,14065,3套,空港小院花语,双流西航港长江路三段13号,2015年建成,,塔楼,成都聚烨物业管理有限公,1栋
2166户,四川双玻集团坤仕力房产,http://nanhubandao.fang.com/,15795,5套,南湖半岛,华阳南湖北路189号（南湖度假风景区内）,2015年建成,,塔楼,成都森辉物业投资有限公司,7栋
445户,成都千和物业发展有限公司,http://qianheyinxing.fang.com/,16583,17套,千和银杏,蜀明东路6号,2002年建成,,板楼,成都千和物业管理有限公司,4栋
武阳大道288号,"
										,
									",http://zhongyanghuayuanchengshi.fang.com/villa/,19464,1套,中央花园城市别墅,156栋,2000年建成,,466户,晋阳房产,中央花园物管公司
12户,四川荣耀投资有限公司,http://qifengju.fang.com/,6672,0套,栖凤居,一期华金大道三段152号、二期凤凰东一路201,2013年建成,,板楼,青白江居安物业,1栋
690户,成都凯莱物业发展有限公司,http://kailaidijing028.fang.com/,16500,32套,凯莱帝景,桐梓林北段2号,2002年建成,,塔楼,四川凯莱物业管理有限公司,3栋
575户,成都合力达房产开发有限公司,http://jinshamidi.fang.com/,16351,44套,金沙蜜地,清江中路14号,2010年建成,,板楼,通顺物业,1栋
1849户,成都嘉好房地产置换有限公司,http://shunfengyuan.fang.com/,10932,6套,顺风苑,机场路168号,2005年建成,,板楼,小区物业,77栋
5354户,成都市地建置业有限公司,http://jinrihuayuan2.fang.com/,9186,41套,今日花园,西区大道围城南路段,2006年建成,,板楼,成都盛禾物业管理有限公司,42栋
2766户,成都中德红谷投资有限公司,http://yinglunlianbangdierquzd.fang.com/,18932,16套,中德英伦城邦,天府大道南段家乐福旁,2015年建成,,塔楼,成都衡信英伦物业管理有限公司,10栋
276户,四川华宜置业股份有限公司,http://boshigongguanhy.fang.com/,16614,7套,华宜铂仕公馆,中和大道三段117号（中和电器城右200米处）,2013年建成,,板塔结合,成都百惠物业管理有限公司,1栋
88户,成都市信义房地产开发有限公司,http://huanhuaxishanzhuang.fang.com/,50513,2套,浣花溪山庄,滨河路50号,2000年建成,,"独栋,双拼",成都仁和春天物业管理有限公司,23栋
972户,成都鸿源星置地有限公司,http://ruichenghyx.fang.com/,11892,0套,鸿源星睿城,南熏大道三段366号（西南财大东校门正对面）,2013年建成,,塔楼,鸿源星物业管理有限公司,6栋
1030户,成都青蒲建设发展有限公司,http://jianqiaoxiaozhen.fang.com/esf/,4355,0套,剑桥小镇,寿安镇迎宾大道88号,2015-09-01,,板楼,成都嘉善商务服务管理有限公司,3栋
934户,龙嘉房地产开发（成都）有限公司,http://shidaishangchengjlc028.fang.com/esf/,16770,1套,九龙仓时代上城,剑南大道与牧华路交汇处（北大附中对面）,2015-07-01,,塔楼,成都天府时代广场物业管理有限公司,6栋
120户,"
										,
									",http://heyuan028.fang.com/,17805,0套,和苑,玉林横街19号,2000年建成,,板楼,小区物业,2栋
760户,成都嘉汇置业有限公司,http://lanfengyuanjiaoda.fang.com/,11624,1套,交大兰枫园,犀浦校园路816号,2011年建成,,塔楼,四川华纬物业有限公司,14栋
360户,成都方鼎投资咨询有限公司,http://guoyimengchao.fang.com/,18644,0套,国一梦巢,光华南二路238号（树德中学旁）,2015年建成,,板楼,四川悦华置地物业管理有限公司,3栋
760户,成都鸿生置业发展有限公司,http://hongshenghuayuan.fang.com/2/,18897,35套,鸿生花园,同德街9号（成都市青少年宫对面）,2010年建成,,板塔结合,成都家合物业管理有限公司,4栋
506户,成都千和物业发展有限公司,http://kuailekongjian.fang.com/,17034,12套,快乐空间,双锦路51号,2004年建成,,板楼,成都泰怡物业管理有限公司,1栋
884户,四川福成实业有限公司.,http://jiuxingdao2.fang.com/,12624,26套,九形道,大丰镇赵家寺路99号,2012年建成,,塔楼,小区物业,4栋
472户,成都金控置业有限公司,http://shidaiguangchangjk.fang.com/,18886,8套,金控时代广场,天府二街（无国界对面）,2013年建成,,塔楼,成都心连心嘉联物业管理有限公司,3栋
1008户,成都晶宝实业有限公司,http://shengshitaoyuanjb.fang.com/,12115,51套,晶宝盛世桃源,犀浦校园路东路368号,2012年建成,,板楼,成都富雅物业服务有限公司,4栋
200户,东原海纳置业有限公司,http://jinmahuyihao.fang.com/,8456,0套,金马湖壹号,金马国际体育城（金马湖畔）,2012年建成,,"独栋,联排,双拼",新东原物业,31栋
686户,中房集团成都房地产开发总公司,http://jinxinyuan2.fang.com/,14061,11套,锦欣苑,双清中路40号,2000年建成,,板楼,社区居委会,14栋
1820户,成都中铁建锦城投资有限公司,http://guojihuayuanjj028.fang.com/,20407,3套,锦江国际花园,锦江区静明路320号,2016年建成,,塔楼,中国铁建物业管理有限公司成都分公司,6栋
1743户,成都天艺置业,http://gediaocheng.fang.com/,11872,73套,格调城,佳美路289号（蓝色理想旁）,2012年建成,,板楼,小区物业,7栋
1003户,四川省虎龙房地产开发有限公司,http://fengyiyangguang.fang.com/,8544,0套,丰怡阳光,大丰街道办成彭路东侧（镇政府旁）,2016年建成,,板楼,成都金房物业服务有限公司,6栋
1068户,新景实业,http://gelinjundian.fang.com/,15787,15套,格林君典,朝阳路296号,2007年建成,,板楼,成都申和物业有限公司,9栋
802户,"
										,
									",http://shanshuirenjiafl.fang.com/,9857,0套,富力山水人家,大十三路97号,2005年建成,,板楼,成都富力物业管理有限公司,27栋
888户,西南交通大学房地产开发公司,http://jiaodazhineng.fang.com/8/,15072,77套,交大智能八期,银沙北街1号,2003年建成,,板楼,交大智能物业管理有限责任公司,8栋
84户,四川海朋房地产开发有限公司,http://jingyiyuan028.fang.com/,4447,0套,静怡苑,新民环路西南段68号,2013年建成,,板楼,成都市东兴物业管理有限公司,1栋
4276户,中国水电建设集团房地产（成都）有限公司,http://yunlifangdjdc.fang.com/esf/,14491,35套,电建地产云立方,成龙大道与大面西路交汇处（川师成龙校区西侧）,2015-05-01,,板塔结合,成都五兴物业管理有限公司,15栋
836户,都江堰市广友置业有限责任公司,http://fengshanglingyu.fang.com/,8972,0套,枫尚领域,二环康兮路中段,2010年建成,,板楼,都江堰市兴隆物业,9栋
540户,成都民用建筑统一建设办公室,http://dongrunfengshang.fang.com/,15743,15套,东润风尚,静居寺路6号,2006年建成,,板楼,成都金迪商业经营管理有限公司,2栋
2027户,四川园丁房地产开发有限公司,http://chengduheyuan.fang.com/villa/esf/,11190,22套,成都合院,西源大道1313号（电子科大清水河校区南大门旁）,2014-07-01,,"花园洋房,联排",名著物业,25栋
1514户,成都西源投资有限公司,http://shidaishuiankangcheng.fang.com/,10809,48套,时代水岸康城,幸福路北一段169号（西郡英华旁）,2013年建成,,板楼,四川申安物业管理有限公司,8栋
76户,四川尚都实业股份有限公司,http://030196.fang.com/,暂无,0套,尚都外滩新天地,青城大桥旁（外江景区）,2015年建成,,板楼,成都兰庭物业管理有限公司,2栋
26户,成都芝芝房地产开发有限公司,http://shuiyingchangdaohuangu.fang.com/,32920,0套,水映长岛浣谷,东坡南一路3号,2011年建成,,独栋,四川长岛物业管理有限公司,11栋
1622户,四川银华房地产开发有限公司,http://yinluowan.fang.com/,14565,10套,银锣湾,青龙路499号（昭觉寺旁）,2012年建成,,板楼,成都兴民物业管理公司,3栋
1328户,四川宇众房地产开发有限公司,http://yuzhongyuefu.fang.com/,15181,13套,宇众悦府,华都大道东一段368号,2014年建成,,板塔结合,深圳花样年.彩生活物业,6栋
840户,成都市三和房地产开发有限公司,http://aitingfush.fang.com/,16073,1套,三和爱汀府,航港路556号(川投国际酒店旁),2016年建成,,板塔结合,成都三和锦阳物业有限公司,24栋
1043户,四川省新宏实业有限公司,http://shaheshang028.fang.com/2/,21524,6套,沙河上二期,观音桥支路15号,2012年建成,,板塔结合,四川艾明物业管理有限公司,5栋
360户,四川汇佳房地产开发有限公司,http://xishuyujing.fang.com/,5250,0套,西蜀御景,羊马镇372号（成温邛高速羊马出口400米）,2017年建成,,板楼,惠家物业管理有限公司,2栋
178户,"
										,
									",http://yufuhuayuan028.fang.com/,7899,3套,鱼凫花园,鱼凫路144号,2003年建成,,板楼,小区物业,7栋
164户,成都瑞安汇源房地产有限公司,http://xingfuchuntian028.fang.com/,16172,13套,幸福春天,蜀汉路355号,2002年建成,,板楼,金辉物业,3栋
1080户,成都万诚房地产开发有限公司,http://xichengtianxia.fang.com/,18548,86套,西城天下,蜀汉路347号,2009年建成,,塔楼,成都西城家物业管理有限公司,1栋
2592户,成都市成华区危改办,http://shangdongyihao.fang.com/3/,16033,3套,上东一号三期,成华区东昌路66号,2010年建成,,塔楼,成都市创天乐物业管理有限公司,8栋
660户,四川万佳实业有限责任公司,http://wanqiancheng.fang.com/,10440,14套,万千城,蜀龙路中段1040号,2013年建成,,塔楼,成都威尔斯普物业管理有限公司,1栋
2094户,龙悦房地产开发（成都）有限公司（香港九龙仓集团成员机构）,http://yuyuanjlc.fang.com/,24972,86套,九龙仓御园,二环路东三段8号（锦绣东方农贸农贸市场旁）,2013年建成,,板楼,龙悦房地产开发（成都）有限公司（香港九龙仓集团成员机构）,28栋
368户,成都丽锦房地产开发有限公司,http://liyameijin.fang.com/,7056,0套,丽雅美锦,同金街400号,2013年建成,,板楼,宜宾雅信物业管理有限公司,1栋
730户,成都市浩林实业发展公司,http://dachengxiaoshijl.fang.com/,17289,73套,金林大城小室,清江中路10号,2007年建成,,板楼,银林物业,1栋
888户,四川蓝光和骏实业股份有限公司,http://jinyuechenglg.fang.com/,16271,0套,蓝光金悦城,成双大道福锦路二段（簇桥工商所旁）,2017年建成,,塔楼,蓝光嘉宝物业管理有限公司,5栋
192户,成都恒泰盛置业有限公司,http://jiankangchengll.fang.com/,12895,0套,量力健康城,金丰路10号(欢乐谷旁),2017年建成,,板塔结合,量力物业,1栋
598户,"
										,
									",http://bolinjunjs.fang.com/,18920,83套,金沙柏林郡,清波路7号（三环路西四段）,2013年建成,,塔楼,成都西部金沙鹭岛房地产开发有限责任公司,3栋
1144户,成都市新都原野实业有限公司,http://jinxiuxiangcheng.fang.com/,10306,3套,锦绣香城,清源路555号,2011年建成,,板楼,安居乐物业管理有限公司,5栋
3192户,成都龙湖西晋置业有限公司,http://jinnantianjielh.fang.com/,19986,103套,龙湖金楠天街,武晋路1488号、晋吉西一街66号,2016年建成,,板楼,成都龙湖物业服务有限公司,10栋
1422户,成都市捷帝置业有限公司,http://xixili.fang.com/2/,18960,74套,西西里二期,育仁北路123号,2011年建成,,塔楼,逸家物业,4栋
84户,"
										,
									",http://jinluolu.fang.com/,14715,8套,金罗路12号院,金罗路12号,1997年建成,,板楼,小区物业,2栋
1259户,新兴房产,http://gedebao.fang.com/,8982,0套,歌德堡,黄龙大道二段512号（成雅高速公兴和黄甲出口处）,2015年建成,,塔楼,北京均豪物业管理股份有限公司,3栋
537户,成都金强实业有限公司,http://jinshuiwan028.fang.com/,9731,5套,金水湾,杨柳西路66号,2011年建成,,塔楼,成都住邦物业,4栋
414户,成都怡和天成房地产开发有限公司,http://shenxianshudayuan.fang.com/5/,23437,60套,神仙树大院五期,紫荆西路6号,2011年建成,,塔楼,威斯顿物业顾问,2栋
1264户,成都金房集团有限公司,http://jinfangyangzuo.fang.com/,21212,14套,金房央座,金房苑横街89号,2012年建成,,塔楼,成都金房物业服务有限公司,2栋
502户,成都新聚贤置业有限公司,http://jxbdhy.fang.com/,15011,47套,聚贤半岛花苑,九里堤北路8号,2002年建成,,板楼,成都金恩物业管理有限责任公司,9栋
1150户,蓝光集团,http://xiangbigezhuangyuanlg.fang.com/,15289,0套,蓝光香碧歌庄园别墅,光华大道江安河畔（奥林匹克花园北侧）,2010年建成,,联排,嘉宝物业,34栋
596户,中房集团成都房地产开发总公司,http://jinguiyuan028.fang.com/,13747,27套,锦桂苑,双清中路100号,1999年建成,,板楼,中房物业管理,13栋
139户,四川亚东房地产开发有限公司,http://jiangnanzhaiyuan.fang.com/,14875,0套,江南宅院,大件路北三段31号,2007年建成,,"联排,独栋",成都江南物业管理有限公司,22栋
224户,成都东方名园房地产有限公司,http://kangjunanqu028.fang.com/,20674,1套,康郡三期,锦华路二段36号,2007年建成,,板楼,四川忠信物业管理公司,4栋
360户,成都州联置业有限责任公司,http://jiezuo.fang.com/,17580,57套,杰座,长益路5号（丽都路旁）,2007年建成,,塔楼,成都好人家物业有限责任公司,1栋
840户,成都合力达房产公司,http://luomaguoji.fang.com/,22890,33套,罗马国际,青龙街18号,2006年建成,,塔楼,成都市利丰物业,1栋
784户,中房集团成都房地产开发总公司,http://jinhongyuan028.fang.com/,15152,24套,锦红苑,同盛路50号,2001年建成,,板楼,中房物业管理,17栋
432户,成都大华实业有限公司,http://jinxiushuian.fang.com/,12054,0套,锦绣水岸,华新路39号,2010年建成,,塔楼,成都宏鹏物业管理有限公司,2栋
100户,成都博安置业有限公司,http://082134.fang.com/,9715,0套,君悦名筑,蒲阳路南侧（文荟路同彩虹大道之间）,2015年建成,,板楼,成都博安置业有限公司,3栋
1998户,"
										,
										,
									",http://luolanxiaozhen.fang.com/,15159,66套,罗兰小镇,二仙桥东路15号,2008年建成,,塔楼,成都市新锦江旧城改造开发有限公司,10栋
140户,金辉集团,http://guangrongbeilushequ.fang.com/,12863,1套,光荣北路5号院,光荣北路5号,1995年建成,,板楼,小区物管,5栋
8户,"四川复地黄龙房地产开发有限公司 , 四川万融房地产开发有限公司",http://huanglongxigu028.fang.com/esf/,29706,0套,黄龙溪谷,剑南大道南延线黄龙大道四段(黄龙溪古镇旁),2017-12-01,,独栋,成都卓望嘉物业服务有限公司,5栋
2892户,蓝光集团,http://kailixiangjianglg.fang.com/,20468,207套,蓝光凯丽香江,锦江区翠柳湾支路199号,2009年建成,,板塔结合,蓝光嘉宝,5栋
8户,成都市浩林实业发展公司,http://jinlinbandao028.fang.com/villa/,73368,1套,金林半岛别墅,草堂路33号,2003年建成,,联排,招商局物业管理(中国香港)有限公司,4栋
456户,四川宏信实业有限公司,http://hongxinnanyue.fang.com/,15380,0套,宏信南樾,人南沿线与麓山大道交汇处,2007年建成,,塔楼,小区物业,4栋
662户,四川合景置业有限公司,http://gelinchuntian028.fang.com/,8934,8套,格林春天,新都区卫校正对面(新都汽车总站北行500米),2008年建成,,板楼,世宇物业管理,14栋
314户,炎华置信,http://glbdhyyf.fang.com/,10066,7套,观澜半岛花园洋房,南熏大道一段508号,2005年建成,,板楼,洁华物业,12栋
1086户,成都市美联蜀房地产开发有限公司,http://meilianshu2hao.fang.com/,7379,6套,和韵美联墅一期,望丛西路433号,2012年建成,,板楼,成都市美联墅物业管理有限公司,23栋
420户,炎华置信,http://huajianlanting.fang.com/,22179,35套,花间兰庭,龙华南路38号,2008年建成,,板楼,洁华物业,1栋
1640户,华润置地（成都）发展有限公司,http://guojishequhr028.fang.com/,12919,1套,华润国际社区,成龙大道二段与金枫路交汇处（川师成龙校区西侧）,2016年建成,,塔楼,华润物业管理公司成都分公司,4栋
244户,成都海昌置业有限公司,http://haichangtianlan.fang.com/,14420,1套,海昌天澜别墅,麓山大道二段59号（雅居乐花园对面）,2016年建成,,联排,海昌物业管理公司,23栋
248户,成都新蓝天实业有限公司,http://xiangxielanjunhx.fang.com/,6361,0套,和信香榭澜郡,新都大道（成都医学院旁）,2018年建成,,塔楼,成都和顺物业,2栋
1956户,成都晋阳房地产有限责任公司,http://huisuohuayuan.fang.com/,13468,180套,会所花园,晋阳巷2号（会所印象旁边）,2002年建成,,塔楼,成都时时物业管理有限责任公司,11栋
823户,四川省蜀府房屋建设开发有限公司,http://huangchenghuahui.fang.com/,22559,4套,皇城花卉,天和路69号,2011年建成,,板楼,深圳彩生活物业管理有限公司,10栋
600户,成都金强实业有限公司,http://dushishuian.fang.com/,9468,5套,都市水岸,杨柳东路中段268号,2005年建成,,板楼,住邦物业,20栋
576户,"
										,
									",http://fuxiangjiayuan028.fang.com/,15574,1套,福祥家园瑞福苑,育仁东路20号,2007年建成,,板楼,小区物业,16栋
507户,成都和贵实业有限公司,http://heguixincheng.fang.com/,15353,7套,和贵馨城,双新路8号（成雅高速出口500米处）,2003年建成,,联排,鸿志物业,84栋
756户,四川德通置业有限公司,http://xinyuanchengdt.fang.com/,8044,1套,德通心愿城,华金大道三段45号（青白江汽车站旁）,2011年建成,,板楼,成都信谊物业管理公司,3栋
1025户,成都人居置业有限公司,http://dongyuanxiaoquf.fang.com/,24988,4套,东苑小区F,顺锦路272号,2013年建成,,塔楼,悦华置地,5栋
12户,四川钱江银通房地产有限公司,http://meilifengjingds.fang.com/,6486,0套,都市美丽风景,彩虹大道（堰华路旁）,2005年建成,,板楼,成都钱江银通物业管理有很公司,1栋
597户,成都名信房地产开发有限责任公司,http://chaoyangbeiyuan.fang.com/,12712,16套,朝阳北苑,横桥街10号,2003年建成,,板楼,成都金房物业管理公司,7栋
384户,成都棕榈泉联英置业有限公司,http://guojizhongxincdzlq.fang.com/esf/,26328,21套,成都棕榈泉费尔蒙公寓,天府大道中段199号（世纪城旁）,2012-12-01,,塔楼,棕榈泉联英物业,1栋
151户,成都国奥置业有限公司,http://chengduguoaocun.fang.com/villa/esf/,14377,0套,成都国奥村,双楠大道航都大街99号（香榭美邻二期旁）,2012-05-01,,"联排,叠拼",重庆国奥村物业服务有限公司成都分公司,21栋
308户,四川欣瑞和置业有限公司,http://chengduzaochen.fang.com/,13100,8套,成都早晨,长江路三段15号,2008年建成,,板塔结合,成都圣华乐物业管理服务有限公司,3栋
936户,市政建设,http://yangliuxintun.fang.com/,12034,5套,杨柳新屯,洞子口北街5号,2006年建成,,"板楼,塔楼",小区物管,10栋
1304户,"
										,
										,
									",http://xifushaocheng.fang.com/,30581,38套,西府少城,小南街109号,2011年建成,,板塔结合,成都同心置业发展有限公司,3栋
172户,成都银城置业有限公司,http://yintaizhongxincd.fang.com/esf/,41489,0套,成都银泰中心华悦府,天府大道北段1199号（国际金融中心对面）,2016-05-01,,板塔结合,仲量联行,1栋
2220户,中铁二院(成都)置业开发有限责任公司,http://yisabeila.fang.com/,11514,271套,伊萨贝拉,郫县泰山北街421号,2014年建成,,板楼,中铁二院（成都）建设发展有限公司,16栋
216户,四川蜀府房屋建设开发公司,http://xinhangyinxiang.fang.com/,11453,2套,新航印象,长江路二段8号,2007年建成,,板楼,成都智得物业管理公司,6栋
1718户,国嘉地产,http://shaheyihao.fang.com/2/,21265,97套,沙河壹号二期,静沙南路29号,2012年建成,,塔楼,成都锦东不动产投资管理有限公司,8栋
2556户,宏瑞实业,http://shijibinjiang028.fang.com/,11395,2套,世纪滨江,杨柳河金河西路283号（近味道江湖火锅）,2013年建成,,板塔结合,成都博信物业管理有限公司,20栋
804户,"
										,
									",http://xihuajiayuan.fang.com/,14982,30套,西华家园,家园南街7号,2000年建成,,板楼,高鑫物管,8栋
1470户,成都东渡房地产开发有限公司,http://shidaikaiyue.fang.com/,19369,46套,时代凯悦,人民中路二段70号,2006年建成,,板楼,东渡国际集团,1栋
262户,成都温江兴城房地产开发有限公司,http://xingchenglijing.fang.com/,8375,0套,兴城丽景,新南路608号,2004年建成,,板楼,小区物业,8栋
3215户,成都市江安春置业投资有限公司,http://renhechuntiandadao2.fang.com/,15490,265套,仁和春天大道,光华大道三段118号,2009年建成,,塔楼,成都仁和春天物业管理有限公司,41栋
384户,"
										,
									",http://qingnianyihao.fang.com/,16615,31套,青年一号,天华路199号（天府软件园旁）,2011年建成,,塔楼,大边豪之英物业管理有限公司,1栋
888户,"
										,
										,
									",http://xindongfangxiaoqu.fang.com/,15716,23套,新东方小区,建设路56号,2002年建成,,板楼,成都龙基集团有限责任公司,7栋
64户,四川天府汇城置业有限公司,http://qingchengjianshan.fang.com/,17090,0套,青城鉴山,青城山门南侧700米处,2014年建成,,"独栋,叠拼",汇城物业,1栋
228户,成都奇灵房屋开发有限公司,http://qiruimingju.fang.com/,8210,0套,祺瑞名居,广都大道139号,2002年建成,,板楼,中林物业,6栋
2452户,成都兴旺宝房地产开发责任有限公司,http://wangfuhaoting.fang.com/,11025,28套,旺府豪庭,万和北路99号,2009年建成,,塔楼,兴旺宝物业,13栋
3168户,成都市昭景房地产开发有限公司,http://wanjingfeng.fang.com/,13980,300套,万景峰一期,西区大道333号,2012年建成,,板塔结合,广州市宁骏物业管理有限公司成都分公司,14栋
768户,成都市双发置业有限公司,http://dongchengyinxiangsf.fang.com/,14518,0套,双发东城印象,静明路488号(航天立交桥下赖家新桥路口),2016年建成,,塔楼,四川双发物业服务有限公司成都分公司,3栋
452户,国投房产/广福房产,http://shangpinjinsha.fang.com/,24048,14套,上品金沙,黄苑街222号（黄苑街与同怡路交汇处）,2015年建成,,板楼,蓝谷物业,3栋
466户,成都安信置业发展有限公司,http://jinjiangmingzhuyuan.fang.com/,14642,11套,明珠园一期,一期菱窠路109号、二期菱窠路31号,2004年建成,,板楼,小区物业,13栋
444户,四川省山木置业有限公司,http://shanmuju.fang.com/2/,8487,9套,山木居二期,家园街99号（红光路与红佳路的交汇处）,2010年建成,,板楼,成都市和谐物业管理有限公司,1栋
56户,"
										,
									",http://wushitongtang.fang.com/,17028,0套,五世同堂,五世同堂66号,2000年建成,,板楼,小区物业,2栋
725户,成都市卓俊置业有限公司,http://shangjinkangcheng.fang.com/,9813,4套,上锦康城,A区励志路二段38号、B区励志路二段37号,2012年建成,,板塔结合,清江物业,7栋
630户,成都田源实业,http://zonglvchangtan.fang.com/esf/,15692,5套,棕榈长滩,光华大道江浦路77号（温泉大道与江浦路交汇处）,2013-05-01,,板楼,深圳彩生活物业公司,6栋
1536户,四川石化西南地产有限公司,http://shihuajiayuan.fang.com/,15607,11套,石化家园,天府大道南段2028号（华阳客运中心附近）,2011年建成,,板塔结合,四川石化物业管理有限公司,2栋
162户,中铁八局中泰房开下属子公司都江堰祥泰置业有限公司,http://098446.fang.com/,10179,0套,中铁瑞景誉都,永丰路3号(都江堰医疗中心、体育中心旁),2015年建成,,板楼,成都耐心物业管理有限公司,3栋
216户,"
										,
									",http://baihuafanglin.fang.com/,19437,6套,百花芳邻,芳邻路1号（近一环路）,2000年建成,,板楼,小区物业,6栋
890户,成都天祥房地产开发有限公司,http://bianchengshuilian.fang.com/,8781,1套,边城水恋,滨江路北段128号,2004年建成,,板楼,小区物业,49栋
882户,中铁八局,http://ruijinglantingzt.fang.com/,12926,60套,中铁瑞景澜庭,花都大道西段266号,2012年建成,,板楼,小区物业,25栋
808户,成都市泰昌房地产开发有限公司,http://aolinchuntian028.fang.com/,15323,24套,澳林春天,五里墩108号,2009年建成,,塔楼,成都市中南物业管理公司,2栋
906户,成都冠润房地产开发有限公司,http://conglinbeijing.fang.com/,7203,1套,丛林背景,天乡路二段939号,2006年建成,,板楼,成都市温江区安居物业有限公司,10栋
154户,四川佳蒙房地产开发有限公司,http://maandonglu.fang.com/,13560,17套,马鞍东路社区,马鞍东路19号,1998年建成,,板楼,世纪物业,6栋
4572户,绿地集团蜀峰房地产开发有限公司,http://lvdizhongxin028.fang.com/,22066,89套,绿地中心468公馆,一期芙蓉西路468号、二期樱花街999号、三期芙蓉西路707号,2015年建成,,塔楼,成都嘉诚新悦物业管理有限公司,24栋
1960户,华润置地（成都）发展有限公司,http://ershisichenghr.fang.com/6/,27020,22套,华润二十四城六期,双成三路15号,2016年建成,,塔楼,华润物业管理公司,6栋
1360户,华润置地(成都)发展有限公司,http://ershisichenghr.fang.com/4/,28472,62套,华润二十四城四期,双成三路17号,2016年建成,,塔楼,华润置地,8栋
1806户,成都天府华侨城实业发展有限公司,http://chunshuianhqc.fang.com/2/,26098,34套,华侨城纯水岸二期,华丰路66号,2010年建成,,板塔结合,深圳市华侨城物业管理有限公司成都分公司,9栋
2576户,成都龙湖北城置业有限公司,http://beichengtianjielh.fang.com/,17661,88套,龙湖北城天街一期,金牛五福桥东路9号,2012年建成,,塔楼,成都龙湖物业服务有限公司,9栋
1224户,金光置业（成都）有限公司,http://lishuijindu.fang.com/,9597,0套,丽水金都,工业大道363号,2005年建成,,板楼,四川瑞信物业管理有限公司,9栋
2594户,保利（成都）房地产开发有限公司,http://chuntianhuayubl.fang.com/,14722,33套,保利春天花语,新都区赵家寺路386号,2015年建成,,塔楼,保利物业,14栋
710户,四川省鑫万新实业有限公司,http://lidudijing.fang.com/,15921,29套,丽都帝景,长益街3号,2007年建成,,板楼,人仁佳和物业,5栋
278户,"
										,
									",http://jiudingxiaoqulq.fang.com/,7965,0套,龙泉九鼎小区,成都市龙泉驿区星光东路2号,2008年建成,,板楼,小区物业,8栋
88户,成都万华房地产开发有限公司,http://lushanguojidiexigu.fang.com/,28745,0套,麓山国际叠溪谷,麓山大道二段6号,2008年建成,,独栋,成都麓山物业管理有限公司,88栋
624户,成都天立置业有限公司,http://meilixing.fang.com/,16974,26套,美丽星,龙祥路1号（龙祥路与龙华北路交汇处）,2003年建成,,板楼,金晓物业,5栋
632户,成都市共发实业有限责任公司,http://jinshayujing.fang.com/2/,18683,82套,金沙愉景二期,清波路385号,2009年建成,,板楼,成都亿新物业管理有限公司,4栋
948户,金牛区统建局,http://maoyuanguoji.fang.com/,15083,72套,懋园国际商住城,金沙路88号,2000年建成,,板楼,成都市懋园物业发展有限公司,21栋
682户,成都文氏房地产开发公司,http://yuanzhongyuanhyhy.fang.com/,10532,40套,红运花园园中园,东苑红运街9号、南苑红运街11号,2000年建成,,板楼,五大花园物管公司,11栋
1055户,利通房产,http://tianebaolt.fang.com/,8885,0套,利通天鹅堡,阳光大道103号（锦绣路附近）,2005年建成,,联排  高层  独栋   叠加,四川通用物业公司,23栋
486户,凯德中国,http://shijimingdikd.fang.com/esf/,24963,11套,凯德世纪名邸,天府一街1333号,2016-10-01,,板塔结合,置信物业,4栋
360户,中粮集团·鹏利国际（四川）置业有限公司,http://lijingyazhukl.fang.com/,13974,16套,凯莱丽景雅筑,华阳元华大道,2007年建成,,板楼,四川凯莱物业管理有限公司,7栋
1140户,新加坡吉宝置业成都希瑞房地产开发有限公司,http://lingyunfenggejb.fang.com/esf/,30302,36套,吉宝凌云峰阁,汇泉南路333号（东二环路与通盈街交汇处）,2016-01-01,,板楼,第一太平戴维斯,6栋
130户,成都万华房地产开发有限公司,http://xiangyilin.fang.com/,25646,2套,麓山国际香怡林,麓山大道二段6号,2011年建成,,独栋,成都麓山物业管理有限公司,130栋
1536户,成都竹岛置地发展有限公司,http://ruitingnanchengjx.fang.com/esf/,19511,2套,嘉祥瑞庭南城,益州大道中段1918号（银泰城旁）,2016-06-01,,塔楼,成都万丰创新物业管理有限公司,3栋
392户,四川省新实力置业有限公司,http://konggangxingpindi.fang.com/,12676,20套,空港星品地,西航港街道锦华路三段15号,2013年建成,,板塔结合,成都欣蓉康派物业管理有限公司,1栋
2036户,成都晶宝实业有限公司,http://sainaguojijb.fang.com/,8343,0套,晶宝塞纳国际,犀团路999号（成都技师学院旁）,2014年建成,,板楼,成都富雅物业服务有限公司,8栋
644户,成都世禾置业有限公司,http://jinritianyuanbieshu.fang.com/,8040,0套,今日田园别墅,友爱镇子云路98号,2010年建成,,独栋,成都盛禾物业管理有限公司,372栋
1638户,"
										,
									",http://ligongdaxuenanyuan.fang.com/,11053,5套,理工大学南苑,二仙桥东三路1号,1998年建成,,板楼,小区物业,29栋
702户,成都中新悦蓉置业有限公司,http://jinhuayuan028.fang.com/,14710,24套,锦花苑,锦翠南路1号,2001年建成,,板楼,中房物业管理,17栋
56户,"
										,
										,
									",http://jiangjunjiexiaoqu.fang.com/,19906,0套,将军街小区,人民公园将军街18号,2000年建成,,板楼,小区物业,2栋
1465户,成都万贯房地产有限公司,http://jinfuyinzuo.fang.com/,8509,8套,金府银座,金府路555号,2007年建成,,塔楼,小区物管,5栋
648户,成都久长置业投资有限公司,http://jinxi2.fang.com/,12577,46套,锦溪,永康路5号（西三环草金立交旁）,2007年建成,,塔楼,成都万昊物业管理有限公司,3栋
3874户,成都金地房屋开发有限公司,http://jindihuayuan028.fang.com/,16949,52套,金地花园,少陵东路1号,2003年建成,,板楼,金地物业,19栋
100户,四川贤亨地产,http://jinsexinshidai.fang.com/,5772,0套,金色新时代,建材路与红玲路交汇处（旅游学院旁）,2015年建成,,塔楼,龙豪物业管理公司,1栋
380户,"
										,
									",http://jiaodazhineng.fang.com/3/,17201,27套,交大智能三期,星汉路33号,2001年建成,,板楼,成都交大房产,8栋
351户,成都金房集团有限公司,http://huijingxincun.fang.com/,15526,11套,汇景新村一期,金房苑西路9号,2001年建成,,板楼,心连心物业公司,9栋
270户,成都达亨实业有限公司,http://jinliguanghua.fang.com/,9554,22套,锦里光华,花都大道西段899号,2006年建成,,板楼,成都交大智能物业管理有限公司,7栋
581户,成都市金田房地产有限公司,http://jinguanhuating.fang.com/,7857,3套,金冠华庭,新园路181号,2006年建成,,板楼,忠信合力物业管理公司,13栋
1008户,成都金科卓瑞房地产开发有限公司,http://dongfangyajunjk028.fang.com/,13276,0套,金科东方雅郡,成龙大道 车城西三路,2016年建成,,塔楼,重庆金科物业管理有限公司成都分公司,3栋
810户,四川吉翔建设发展有限公司,http://jinfengmingyuanjx.fang.com/,12875,0套,吉翔金枫名苑,银河东街99号,2013年建成,,板楼,中铁八局集团（成都）物业管理有限公司,3栋
318户,成都市华兴住宅房地产开发有限公司,http://jinchenghanfu.fang.com/,15599,5套,锦城汉府,朝阳路320号,2000年建成,,板楼,小区物业,4栋
1167户,四川美盛房地产开发有限公司,http://fukecheng.fang.com/,13720,25套,弗客城,西航港街道临港路五段66号,2011年建成,,板塔结合,香港悦华置地物业管理公司,6栋
326户,成都鑫鼎房地产开发有限公司,http://jinaoyuan028.fang.com/,15270,12套,金奥苑,金房北路1号,2003年建成,,板楼,中林物业,5栋
3476户,成都城投集团,http://dongfanghuicheng.fang.com/,14932,175套,东方惠城,长融东二路60号,2011年建成,,塔楼,成都科恒物业有限公司,18栋
1704户,成都人居置业有限公司,http://dongyuanxiaoquc.fang.com/,23375,84套,东苑小区C,金桂路233号,2010年建成,,塔楼,成都市银杏物业管理有限公司,7栋
258户,成都福华实业开发有限公司,http://xinqidianfh.fang.com/,20230,21套,福华新起点,小南街128号,2004年建成,,板楼,四川红星物业管理责任公司,1栋
902户,恒大地产集团成都有限公司,http://feicuihuatinghd0282.fang.com/,20643,0套,成都恒大翡翠华庭,光华南三路（万家湾公交总站旁）,2016年建成,,板塔结合,金碧物业,6栋
816户,"成都城投集团兴西华建设有限公司 , 上海华舟投资有限公司",http://xiayizhandushict.fang.com/,21618,37套,城投下一站都市,武阳大道三段51号,2014年建成,,板楼,恒景物业,4栋
268户,成都置信实业（集团）有限公司,http://ziyunyuanfrgcdzm.fang.com/,14504,0套,芙蓉古城大宅门紫云园,开金路888号,2006年建成,,联排,成都蜀信物业服务有限责任公司,133栋
2177户,成都市保新房地产开发有限公司,http://shizihubl.fang.com/esf/,11909,0套,保利狮子湖,蜀龙路与熊猫大道交汇处（东行800米）,2015-12-01,,板塔结合,保利物业,13栋
966户,成都高频房地产公司,http://ershiyishijihuayuan.fang.com/3/,17575,67套,二十一世纪花园三期,贝森路111号,2003年建成,,板楼,成都恒硕物业管理有限责任公司,13栋
434户,"成都鑫川粮商贸有限责任公司 , 四川领创置业有限公司",http://chengbao028.fang.com/,17490,28套,橙堡,佳灵路10号,2008年建成,,板楼,成都中天华瑞物业管理有限公司,1栋
407户,四川省力博建设有限公司,http://chunxiyuan028.fang.com/2/,17715,5套,春熙苑二期,建设北路三段289号,2000年建成,,板楼,成都好日子物业管理公司,3栋
478户,四川省银河投资集团有限公司,http://xijianghepan.fang.com/,8569,0套,东韵雅园,西河镇成洛大道（成洛路西南食品城旁）,2016年建成,,板塔结合,成都恒联物业管理有限公司,3栋
856户,成都德商置业有限公司,http://jinsha10niands.fang.com/,19372,62套,德商金沙10年,滨河路131号,2013年建成,,塔楼,成都德商物业管理有限公司,5栋
280户,成都高频房地产开发有限公司,http://esysjhy.fang.com/5/,18683,1套,二十一世纪花园五期,苏坡东路27号,2005年建成,,板楼,小区物业,4栋
108户,成都江凯置业有限公司,http://chuntianhuayidc.fang.com/,7950,0套,道诚春天华逸,青白江同华大道1151号,2013年建成,,板塔结合,成都江凯置业有限公司,1栋
220户,圣沅房产,http://chengduhouhuayuan.fang.com/2/,13835,0套,成都后花园二期别墅,国宁东路991号,2010年建成,,"独栋,叠拼",成都圣沅物业,27栋
201户,成都华信大足房地产开发有限公司,http://dongshanchuanshijiabao.fang.com/,23355,3套,东山传世家宝,金杏路68号,2011年建成,,"联排,双拼",四川华怡科尔酒店物业管理公司,51栋
330户,四川德坤实业有限公司,http://dekuntianyuan.fang.com/,8102,5套,德坤恬园,金府路中段(金府路与府通路交口),2010年建成,,板楼,汇德物业,8栋
126户,成都市志成房地产公司,http://dongluyijingbieshu.fang.com/,14767,0套,东麓驿境别墅,龙泉公园路一段258号,2011年建成,,联排,成都康禾物业有限公司,28栋
388户,四川瑞升实业集团有限公司,http://dongchenruijing028.fang.com/,12761,5套,东辰瑞景,建设北路三段185号,2006年建成,,板楼,小区物业,2栋
1043户,成都市大丰房地产开发有限公司,http://beixinrunyuan028.fang.com/,11372,3套,北新润苑一期,新都区詹家湾路2号,2011年建成,,板楼,成都恒德物业服务有限公司,7栋
400户,成都瑞耀置业有限公司,http://dongshengguorui.fang.com/,11106,7套,东升国瑞,荷塘北街189号,2007年建成,,板楼,昌兴物业管理有限公司,6栋
162户,"成都其士房地产发展有限公司 , 成都圣华房地产开发有限公司",http://banshanaimashi.fang.com/esf/,16839,0套,半山艾马仕,麓山大道381号(麓山大道入口处左侧),2014-06-01,,"独栋,联排,双拼,叠拼",第一太平戴维斯顾问,32栋
1725户,中房集团成都房地产开发有限公司,http://jinshahaitangzf.fang.com/,21011,186套,中房金沙海棠,蜀鑫东路88号,2012年建成,,板楼,中房物业管理,8栋
1051户,新加坡盛吉立地产有限公司,http://zhuojincheng.fang.com/4/,19894,67套,卓锦城四期,枫香街253号,2010年建成,,塔楼,成都勤信物业管理公司,5栋
448户,"
										,
									",http://baihuajiaoshiyuan.fang.com/,20347,9套,百花教师苑,大石西路54号,2000年建成,,板楼,小区物业,5栋
198户,"
										,
									",http://yuandingxiaoqu028.fang.com/,6655,0套,园丁小区,鱼凫路480号,2005年建成,,板楼,小区物业,6栋
666户,成都市龙光房地产有限公司,http://douhuiluyuan.fang.com/,17380,16套,都会路苑,都会路6号（火车南站地铁B出口50米处）,2010年建成,,板塔结合,小区物业,3栋
912户,成都武海置业有限公司,http://zhonghuamingyuand.fang.com/3/,18195,90套,中华名园三期D区,顺和横街29号,2010年建成,,板楼,成都创艺物业管理公司,4栋
936户,"
										,
									",http://bailianxiaoqu.fang.com/,11096,1套,白莲小区,成华区熊猫大道11号,2006年建成,,板塔结合,小区物管,24栋
2320户,成都宗申高科创业投资有限公司,http://sainaweizs.fang.com/2/,9492,0套,宗申赛纳维二期,龙桥路6号（双楠大道时代奥特莱斯路口左拐800米）,2014年建成,,板楼,成都红谷物业管理有限公司,53栋
876户,成都隆旺房地产开发有限公司,http://shuianliyuanyd.fang.com/,12555,2套,驿都水岸丽园,滨河北街39号,2008年建成,,板楼,小区物业,3栋
522户,成都市贝森实业有限公司,http://beisenxingyuan.fang.com/,18681,32套,贝森兴园,贝双街2号（海宁西苑旁）,2000年建成,,板楼,五大花园物管公司,11栋
412户,重庆天庆房产,http://youqushe.fang.com/,9710,20套,优取舍,锦泉街148号,2007年建成,,板楼,成都尚品物业,7栋
1348户,成都竹岛置地发展有限公司,http://yucaizhudao.fang.com/,16241,114套,育才竹岛,老成仁公路8号,2008年建成,,板塔结合,万丰创新物业公司,8栋
2180户,"
										,
									",http://daguanyuan028.fang.com/2/,13332,9套,大观苑二期,国槐街1199号,2007年建成,,板楼,小区物管,26栋
1248户,成都天之府实业有限公司,http://shidaihaotingguangchang.fang.com/,6466,0套,时代豪廷广场,望丛中路1088号,2014年建成,,板塔结合,深圳威士达物业发展有限公司成都分公司,2栋
1411户,成都兴想房地产开发有限公司,http://shengshimingcheng028.fang.com/,11358,2套,盛世名城,先驱大道7号,2014年建成,,"板楼,塔楼",兴想物业公司,7栋
1259户,四川省鑫叶房地产开发有限公司,http://dongyulongwan.fang.com/,12590,7套,东域龙湾,燃灯寺南路398号、498号,2012年建成,,板楼,四川悦华置地物业管理有限公司,6栋
1056户,中洲控股投资有限公司,http://bandaochengbangcc.fang.com/2/,27300,22套,长城半岛城邦二期,濯锦路28号,2011年建成,,板塔结合,深长城物业管理公司成都分公司,8栋
132户,单位宿舍,http://xiaoguanmiaojieshequ.fang.com/,15560,2套,小关庙街33号院,小关庙街33号,1994年建成,,板楼,小区物业,1栋
309户,"
										,
									",http://shuiyunshangcheng.fang.com/villa/,10719,1套,水韵尚城别墅,海科路东段519号（四川教育学院旁）,2009年建成,,叠拼,成都市浣花物业管理有限公司,88栋
4户,成都市金瑞发建设开发有限责任公司,http://yingbindadaoyihao.fang.com/,43555,0套,迎宾大道一号,迎宾大道1号,2004年建成,,联排,金辉物业,3栋
2315户,成都中粮锦悦置业有限公司,http://zhongliangjinyun028.fang.com/,27100,5套,中粮锦云,杉板桥路沙河锦云长滩公园内,2015年建成,,板塔结合,中粮地产集团深圳物业管理有限公司成都分公司,14栋
72户,"
										,
									",http://chengnanxingui.fang.com/,18718,2套,城南新贵,中苑巷2号（四川省中西医结合医院）,2002年建成,,板楼,小区物业,1栋
2322户,四川富临实业集团有限公司,http://chengdouaqu.fang.com/,22925,114套,成都A区,高华横街33号,2011年建成,,板楼,四川富临物业公司,6栋
1381户,四川鑫泰新实业有限公司,http://xintiandicd.fang.com/,10035,4套,成都新天地,大件路白家段19号,2010年建成,,板楼,人仁佳和物业,4栋
347户,成都市华兴房屋开发公司,http://cuiyongtiandi028.fang.com/,15990,0套,翠拥天地别墅,华府大道一段1009号,2005年建成,,联排,成都创和物业管理有限公司,97栋
221户,成都市城市建设开发有限责任公司,http://shuangchengweilaxiaozhen.fang.com/,11039,4套,双城维拉小镇,和平街369号,2006年建成,,叠拼,英联华（HK）物管,8栋
1020户,保利地产,http://linyuxibl028.fang.com/esf/,13192,0套,保利林语溪,龙港路与华盛路交汇处（龙潭水乡向北500米）,2016-07-30,,板楼,保利物业有限公司成都分公司,7栋
44户,四川置能房地产开发有限公司,http://furongyinxiangys.fang.com/,7753,0套,堰上芙蓉印象,三道堰镇水乡街,2011年建成,,"联排,独栋",四川置能房地产开发有限公司,11栋
1566户,成都市明阳房地产开发有限公司,http://xiyinshangyuan.fang.com/,13093,12套,玺印上院,北泉路188号,2006年建成,,板楼,深长城物业管理公司成都分公司,48栋
312户,成都讯利康旭置业有限公司,http://xianhuayouhuoju.fang.com/,9586,0套,鲜花优活居,新都区同心路168号,2015年建成,,塔楼,成都凯麟物业服务有限公司,1栋
656户,宝山钢铁,http://xingyanyiyuan.fang.com/,6222,0套,兴堰逸苑,彩虹大道南段313号,2009年建成,,塔楼,小区物业,12栋
601户,"
										,
									",http://xinqiaolijing.fang.com/,12013,2套,新桥丽景一期,洞子口北街6号,2004年建成,,板楼,小区物管,11栋
1085户,成都长宇实业有限公司,http://chunqiumingdi.fang.com/2/,9859,1套,春秋名邸二期,建材路460号（区检察院旁）,2011年建成,,塔楼,成都玉居物业管理有限公司,4栋
1020户,四川恒宇房地产开发有限公司,http://xichengshoujun.fang.com/,13922,11套,西城首峻,金立路9号,2009年建成,,塔楼,四川正源实业有限公司,2栋
690户,"
										,
									",http://wangjiangshuian028.fang.com/,25096,10套,望江水岸,锦江区马家沟99号,2010年建成,,塔楼,小区物业,6栋
508户,成都万泉置业发展有限公司,http://yangguanghuatingwq.fang.com/,4371,0套,万泉阳光华庭,三道堰围城路口（柏林河畔旁）,2014年建成,,板楼,成都力成物业管理有限公司,7栋
1960户,成都兴旭和房地产开发有限公司,http://binfensxs.fang.com/,17604,16套,神仙树缤纷,新义西街96号,2015年建成,,塔楼,成都佳祥物业管理有限公司,5栋
552户,成都仁和后花园置业有限公司,http://xiangxieguangchangrh.fang.com/,16180,0套,仁和香榭广场,迎宾大道166号（地铁2号线迎宾大道C出口旁）,2015年建成,,塔楼,四川铭瑞物业管理有限公司,2栋
2808户,成都天合汇星置业有限公司,http://kaixuangongguanrc.fang.com/esf/,13504,1套,融创凯旋公馆,新成彭路大天路出口左侧 （博雅新城旁）,2015-09-01,,塔楼,成都凯旋物业服务有限责任公司,6栋
1008户,成都懋源置业有限公司,http://qicaihuadu.fang.com/3/,12235,19套,七彩花都三期,花都大道西段588号,2013年建成,,板楼,成都仁和春天物业管理有限公司,5栋
1549户,成都翔龙房地产有限公司,http://chengzhonghuira.fang.com/,18174,0套,瑞安城中汇,解放路一段126号（国美电器对面）,2015年建成,,塔楼,第一太平戴维斯物业顾问（成都）有限公司,7栋
541户,成都金鹏置业发展有限公司,http://wojiajun.fang.com/,10199,1套,渥嘉郡,金鹏路1号,2010年建成,,板楼,小区物业,4栋
200户,"
										,
									",http://xuefuchun.fang.com/,15500,19套,学府春,光华村街58号,2005年建成,,板楼,小区物管,3栋
77户,都江堰桥都地产,http://978510.fang.com/,11752,0套,宁江大院,蒲阳路496号,2014年建成,,板楼,都江堰桥都物业,3栋
330户,成都市兴蓉投资有限公司,http://vcshidaicsbk.fang.com/,21906,16套,城市博客VC时代,东较场街55号,2008年建成,,塔楼,爱地阳光物业有限公司,1栋
330户,"
										,
									",http://qingxilu.fang.com/,14106,7套,青西路7号院,青西路7号（白果林小学附近）,2000年建成,,板楼,小区物业,5栋
350户,成都长海实业有限公司,http://shuxiangxiuzhu.fang.com/,8786,6套,书香秀筑,学府路北段28号,2008年建成,,板楼,成都市和谐物业管理有限公司,2栋
1040户,成都市浩源房地产实业有限责任公司,http://nanqiaoshichuang.fang.com/,17001,35套,南桥视窗,锦里东路18号,2006年建成,,板楼,鸿源星物业管理有限公司,1栋
1902户,"国嘉地产 , 锦江统建办 , 四川德丰投资",http://shaheyihao.fang.com/,20954,90套,沙河壹号一期,静沙南路18号,2011年建成,,塔楼,成都锦东不动产投资管理有限公司,8栋
356户,成都中源实业有限公司,http://shuangnanrongyu.fang.com/,19300,9套,双楠融域,栖霞路1号（外双楠农贸市场对面）,2007年建成,,板楼,戴德梁行,5栋
880户,四川名品佳实业有限公司,http://shangjincheng028.fang.com/,15409,26套,尚锦城,田家巷15号,2007年建成,,塔楼,小区物管,3栋
1350户,双流东升房地产有限责任公司,http://shidaijincheng.fang.com/,13050,33套,时代锦城,藏卫路南二段699号,2011年建成,,塔楼,四川申安物业有限公司,7栋
1477户,成都华翊龙房地产开发有限公司,http://luzhouguojijf.fang.com/,24785,3套,建发鹭洲国际,高新区天府二街与富华北路交汇处,2016年建成,,塔楼,怡家园物业管理有限公司,5栋
408户,成都建设发展股份有限公司,http://sijixiangxie028.fang.com/,13866,26套,四季香榭,交大路209号,2004年建成,,板楼,成都春雨物业管理公司,7栋
468户,"
										,
									",http://jinkeyuan028.fang.com/,10942,2套,金科苑二区,金科苑中街54号,2007年建成,,板楼,小区物业,12栋
626户,成都金富兴置业有限公司,http://jiananmeidi.fang.com/,16745,8套,嘉楠美地,武青北路5号（元元大酒店对面）,2012年建成,,塔楼,四川中瑞经纪有限公司,3栋
684户,四川华银达实业有限公司,http://jiameidi.fang.com/,19141,36套,嘉美地,剑南大道南段元华路1188号,2012年建成,,板塔结合,双流现代物业管理公司,4栋
288户,"
										,
									",http://jiaodadongyuan.fang.com/,14332,11套,交大东园,群星路13号,2001年建成,,板楼,交大智能物业管理有限责任公司,9栋
1480户,成都市海川综合开发有限公司,http://haichuanguoji.fang.com/,6519,0套,海川国际,龙都南路3号,2005年建成,,板楼,名园物业管理公司,2栋
2082户,成都通和置业有限公司,http://bieyangchenghyc.fang.com/,10841,33套,花样年别样城,花样年大道1号,2005年建成,,板楼,深圳花样年物业管理有限公司,49栋
472户,四川关家房地产开发有限公司,http://hengfuyuan028.fang.com/,14045,11套,恒福苑,泰宏街95号,2006年建成,,板楼,成都顺兴物业管理公司,5栋
900户,海亮地产,http://yuejinshahl.fang.com/,22318,0套,海亮樾金沙,蜀鑫路与清波路交汇处,2015年建成,,板塔结合,海亮物业,4栋
939户,四川华宇业昊房地产开发有限公司,http://huayujingyuan028.fang.com/,18858,23套,华宇静苑,聚荟街436号（华宇·楠苑旁）,2014年建成,,板楼,重庆华宇物业管理有限公司成都分公司,8栋
310户,四川置都房产,http://jinzhen.fang.com/newhouse/,12147,3套,锦镇,藏卫路北一段155号,2006年建成,,塔楼,四川置都物业服务有限公司,12栋
460户,四川汇创房地产有限公司,http://xinguigongguanhr.fang.com/,20909,34套,汇融新贵公馆,武阳大道二段盛丰路555号（双楠忆景对面）,2013年建成,,塔楼,汇融物管公司,3栋
258户,四川三友房地产开发有限公司,http://huachaoyueying.fang.com/,15065,6套,花朝月盈,长久巷59号,2005年建成,,板楼,四川三友物业管理有限公司,6栋
522户,成都汇祥置业有限责任公司,http://huananbandaohx028.fang.com/,8525,0套,汇祥华楠半岛别墅,花源镇花园街（牧马山上花源中学旁 ）,2012年建成,,联排,成都每日华楠物业管理有限公司,23栋
742户,华润置地金牛有限公司,http://yinxinghuatinghr.fang.com/,20206,0套,华润银杏华庭,五福桥东路6号,2012年建成,,板塔结合,成都华润置地物业管理有限公司,6栋
1280户,华润置地（成都）发展有限公司,http://ershisichenghr.fang.com/5/,25753,43套,华润二十四城五期,成华双福二路66号,2014年建成,,塔楼,华润物业管理公司,5栋
378户,"
										,
									",http://jinyujie72haoyuan.fang.com/,13360,12套,金鱼街72号院,金鱼街72号,1999年建成,,板楼,小区物业,2栋
306户,四川恒兴置业发展有限公司,http://xiangjianganhx.fang.com/,14125,0套,恒兴香江岸,王贾大道22号,2007年建成,,塔楼,哲芳物业,1栋
1024户,成都宜合投资有限公司,http://hongxingguoji028.fang.com/,28539,42套,红星国际,锦江区庆云南街69号,2012年建成,,塔楼,成都新闻物业有限公司,3栋
256户,成都祥和实业有限公司,http://dongfangyuanjn.fang.com/,14817,4套,金牛东方苑,金牛蜀汉路333号,2002年建成,,塔楼,东方物业,2栋
415户,成都汇晨投资发展有限责任公司,http://jinshayuyuan.fang.com/,19738,37套,金沙御苑,黄苑街117号(金沙遗址公园旁),2013年建成,,板塔结合,成都和诚梵景物业有限公司,5栋
2750户,四川省国嘉地产有限公司,http://jinxianghuayuan028.fang.com/,17066,15套,金象花园,晨辉东路2号,2002年建成,,板楼,英联华（香港）物业管理顾问有限公司,30栋
147户,"
										,
									",http://hangtiannanqu.fang.com/,7963,0套,航天南区,龙泉驿区星光中路,2000年建成,,板楼,小区物业,6栋
656户,成都和谐房地产,http://nanyuanjjhy.fang.com/2/,14649,35套,金桔花园二期南苑,长庆路10号,2006年建成,,板楼,成都华居物业管理有限公司,6栋
378户,中房集团成都房地产开发总公司,http://jinqingyuan.fang.com/,16379,26套,锦青苑,同德街2号（黄忠公园旁）,2002年建成,,板楼,成都金房物业服务有限公司,8栋
1301户,成都华宇业瑞地产开发有限公司,http://yangguangshangzuohy.fang.com/,17615,23套,华宇阳光尚座,东荆路988号（距离川陕立交约400米）,2012年建成,,塔楼,华宇物业管理公司,6栋
444户,成都市共发实业有限责任公司,http://jinshayujing.fang.com/,17959,45套,金沙愉景一期,清波路390号,2007年建成,,板楼,成都亿新物业管理有限公司,10栋
272户,四川安荣实业有限公司,http://jinlihuaxiang.fang.com/,2345,0套,金丽花香,环城路西南段47号（唐太路与新民环路西南段交叉）,2008年建成,,板楼,郫县新民场镇金丽花香建设管理办公室,14栋
1090户,精城企业,http://jingchengmingdian.fang.com/,8723,16套,精城名典,安民街37号,2006年建成,,板楼,成都鸿宇物业管理有限公司,9栋
108户,成都元亨房地产开发有限责任公司,http://jingangwanhuayuan.fang.com/,15932,0套,金港湾花园,蜀光路17号,2003年建成,,板楼,金港物业,4栋
416户,四川华建房地产开发有限公司,http://huayishangjin.fang.com/,17359,2套,华宜上锦,剑南大道南段866号,2014年建成,,塔楼,四川百惠物业管理公司,1栋
373户,"
										,
									",http://junlintianxia028.fang.com/,14492,9套,君临天下,金粮路666号,2004年建成,,双拼,成都金犀建设有限公司,185栋
420户,"
										,
									",http://jiaotongxiangxiaoqu.fang.com/,14355,6套,交通巷小区,交通巷36号,2000年建成,,板楼,小区物业,4栋
468户,国一集团,http://jianqiaolijing.fang.com/,10044,14套,剑桥丽景,航天南路83号,2006年建成,,板楼,中信物业,12栋
596户,置信地产,http://jinshayuan028.fang.com/2/,20878,43套,金沙园二期,青羊大道209号,2004年建成,,板楼,和盟物业,10栋
225户,成都江南房地产开发有限公司,http://jiangnanan028.fang.com/,15523,8套,江南岸,益州大道北段7号,2001年建成,,板楼,小区物业,1栋
637户,四川朝阳房地产开发有限责任公司,http://jinchenglijing028.fang.com/,17554,41套,金城丽景,银沙南街28号,2004年建成,,板楼,中铁二院（成都）建设发展有限公司,7栋
410户,成都中铁二局宏源房地产综合开发有限公司,http://hongyuanxinju.fang.com/,14618,11套,宏源新居,银沙北街2号,2003年建成,,板楼,中铁二局物业管理公司,10栋
873户,成都星宇房地产开发有限责任公司,http://jinlihuating.fang.com/,13985,6套,锦丽华庭,长城路二段399号,2012年建成,,板楼,锦丽园物业有限公司,4栋
407户,四川港亨房屋开发有限责任公司,http://jinyugangwan.fang.com/,16367,27套,金域港湾,羊西线蜀汉路349号,2006年建成,,板楼,金港物业,3栋
